"","countrycode","regioncode","population_region","p_w_regs_only","p_m_regs_only","recent_p_w_regs_only","recent_p_m_regs_only","sumreach_regs","n_obs_regs","p_w_regs","p_m_regs","recent_p_w_regs","recent_p_m_regs","population_country","p_w_country_only","recent_p_w_country_only","sumreach_country","n_obs_country","p_w_country_rhs","sumreach_country_rhs","recent_p_w_country_rhs","recent_sumreach_country_rhs","p_w_country","recent_p_w_country"
"1","CY","CY01",341700,0.00490196078431373,0.0416666666666667,NA,NA,204,6,0.00490196078431373,0.0416666666666667,NA,NA,949477,0.0128893662728249,NA,2793,100,0.00490196078431373,204,0,0,0.0123456790123457,0
"2","CY","CY02",244900,NA,NA,NA,NA,0,0,NA,NA,NA,NA,949477,0.0128893662728249,NA,2793,100,0.00490196078431373,204,0,0,0.0123456790123457,0
"3","CY","CY03",147000,NA,NA,NA,NA,0,0,NA,NA,NA,NA,949477,0.0128893662728249,NA,2793,100,0.00490196078431373,204,0,0,0.0123456790123457,0
"4","CY","CY04",48200,NA,NA,NA,NA,0,0,NA,NA,NA,NA,949477,0.0128893662728249,NA,2793,100,0.00490196078431373,204,0,0,0.0123456790123457,0
"5","CY","CY05",94100,NA,NA,NA,NA,0,0,NA,NA,NA,NA,949477,0.0128893662728249,NA,2793,100,0.00490196078431373,204,0,0,0.0123456790123457,0
"6","CY","CY06",73577,NA,NA,NA,NA,0,0,NA,NA,NA,NA,949477,0.0128893662728249,NA,2793,100,0.00490196078431373,204,0,0,0.0123456790123457,0
