"","countrycode","regioncode","population_region","p_w_regs_only","p_m_regs_only","recent_p_w_regs_only","recent_p_m_regs_only","sumreach_regs","p_w_regs","p_m_regs","recent_p_w_regs","recent_p_m_regs","population_country","p_w_country_only","p_m_country_only","recent_p_w_country_only","recent_p_m_country_only","sumreach_country","p_w_country_rhs","p_m_country_rhs","sumreach_country_rhs","recent_p_w_country_rhs","recent_p_m_country_rhs","recent_sumreach_country_rhs","p_w_country","p_m_country","recent_p_w_country","recent_p_m_country"
"1","GB","GBENG",56286961,0.0377952755905512,0.0513852813852814,0.00479233226837061,0.00666666666666667,635,0.0377952755905512,0.0513852813852814,0.00479233226837061,0.00666666666666667,66796807,NA,NA,NA,NA,100,0.0402269991378592,0.0531252847766932,801,0.00423835906999357,0.00589602839514662,801,NA,NA,NA,NA
"2","GB","GBNIR",1893667,0.01,0.01,0,0,100,0.01,0.01,0,0,66796807,NA,NA,NA,NA,100,0.0402269991378592,0.0531252847766932,801,0.00423835906999357,0.00589602839514662,801,NA,NA,NA,NA
"3","GB","GBSCT",5463300,0.0757575757575758,0.086,0,0,66,0.0757575757575758,0.086,0,0,66796807,NA,NA,NA,NA,100,0.0402269991378592,0.0531252847766932,801,0.00423835906999357,0.00589602839514662,801,NA,NA,NA,NA
"4","GB","GBWLS",3152879,NA,NA,NA,NA,26,NA,NA,NA,NA,66796807,NA,NA,NA,NA,100,0.0402269991378592,0.0531252847766932,801,0.00423835906999357,0.00589602839514662,801,NA,NA,NA,NA
