"","countrycode","regioncode","population_region","p_w_regs_only","p_m_regs_only","recent_p_w_regs_only","recent_p_m_regs_only","sumreach_regs","p_w_regs","p_m_regs","recent_p_w_regs","recent_p_m_regs","population_country","p_w_country_only","p_m_country_only","recent_p_w_country_only","recent_p_m_country_only","sumreach_country","p_w_country_rhs","p_m_country_rhs","sumreach_country_rhs","recent_p_w_country_rhs","recent_p_m_country_rhs","recent_sumreach_country_rhs","p_w_country","p_m_country","recent_p_w_country","recent_p_m_country"
"1","GB","GBENG",56286961,0.0448504983388704,0.0536273448773449,0.00337837837837838,0.00173913043478261,602,0.0448504983388704,0.0536273448773449,0.00337837837837838,0.00173913043478261,66796807,NA,NA,NA,NA,100,0.0520349951268024,0.0588136733113748,766,0.00298785222727024,0.00153809436395129,766,NA,NA,NA,NA
"2","GB","GBNIR",1893667,0.01,0.01,0,0,100,0.01,0.01,0,0,66796807,NA,NA,NA,NA,100,0.0520349951268024,0.0588136733113748,766,0.00298785222727024,0.00153809436395129,766,NA,NA,NA,NA
"3","GB","GBSCT",5463300,0.140625,0.129166666666667,0,0,64,0.140625,0.129166666666667,0,0,66796807,NA,NA,NA,NA,100,0.0520349951268024,0.0588136733113748,766,0.00298785222727024,0.00153809436395129,766,NA,NA,NA,NA
"4","GB","GBWLS",3152879,NA,NA,NA,NA,26,NA,NA,NA,NA,66796807,NA,NA,NA,NA,100,0.0520349951268024,0.0588136733113748,766,0.00298785222727024,0.00153809436395129,766,NA,NA,NA,NA
