"","countrycode","regioncode","population_region","p_w_regs_only","p_m_regs_only","recent_p_w_regs_only","recent_p_m_regs_only","sumreach_regs","p_w_regs","p_m_regs","recent_p_w_regs","recent_p_m_regs","population_country","p_w_country_only","p_m_country_only","recent_p_w_country_only","recent_p_m_country_only","sumreach_country","p_w_country_rhs","p_m_country_rhs","sumreach_country_rhs","recent_p_w_country_rhs","recent_p_m_country_rhs","recent_sumreach_country_rhs","p_w_country","p_m_country","recent_p_w_country","recent_p_m_country"
"1","GB","GBENG",56286961,0.0474576271186441,0.0654292929292929,0.00347222222222222,0.00181818181818182,590,0.0474576271186441,0.0654292929292929,0.00347222222222222,0.00181818181818182,66796807,NA,NA,NA,NA,100,0.0501880345657517,0.0597802336475258,806,0.00292590088633362,0.00153210810048015,806,NA,NA,NA,NA
"2","GB","GBNIR",1893667,0.01,0.01,0,0,100,0.01,0.01,0,0,66796807,NA,NA,NA,NA,100,0.0501880345657517,0.0597802336475258,806,0.00292590088633362,0.00153210810048015,806,NA,NA,NA,NA
"3","GB","GBSCT",5463300,0.121212121212121,0.0533333333333333,0,0,66,0.121212121212121,0.0533333333333333,0,0,66796807,NA,NA,NA,NA,100,0.0501880345657517,0.0597802336475258,806,0.00292590088633362,0.00153210810048015,806,NA,NA,NA,NA
"4","GB","GBWLS",3152879,0,0,0,0,50,0,0,0,0,66796807,NA,NA,NA,NA,100,0.0501880345657517,0.0597802336475258,806,0.00292590088633362,0.00153210810048015,806,NA,NA,NA,NA
