"","countrycode","regioncode","population_region","p_w_regs_only","p_m_regs_only","recent_p_w_regs_only","recent_p_m_regs_only","sumreach_regs","p_w_regs","p_m_regs","recent_p_w_regs","recent_p_m_regs","population_country","p_w_country_only","p_m_country_only","recent_p_w_country_only","recent_p_m_country_only","sumreach_country","p_w_country_rhs","p_m_country_rhs","sumreach_country_rhs","recent_p_w_country_rhs","recent_p_m_country_rhs","recent_sumreach_country_rhs","p_w_country","p_m_country","recent_p_w_country","recent_p_m_country"
"1","GB","GBENG",56286961,0.0484429065743945,0.0589506493506494,0.00536672629695885,0.00636363636363636,578,0.0484429065743945,0.0589506493506494,0.00536672629695885,0.00636363636363636,66796807,NA,NA,NA,NA,100,0.0463199742719216,0.0574125621367159,759,0.00474635559537742,0.00562802710445813,759,NA,NA,NA,NA
"2","GB","GBNIR",1893667,0.01,0.01,0,0,100,0.01,0.01,0,0,66796807,NA,NA,NA,NA,100,0.0463199742719216,0.0574125621367159,759,0.00474635559537742,0.00562802710445813,759,NA,NA,NA,NA
"3","GB","GBSCT",5463300,0.037037037037037,0.058,0,0,81,0.037037037037037,0.058,0,0,66796807,NA,NA,NA,NA,100,0.0463199742719216,0.0574125621367159,759,0.00474635559537742,0.00562802710445813,759,NA,NA,NA,NA
"4","GB","GBWLS",3152879,NA,NA,NA,NA,26,NA,NA,NA,NA,66796807,NA,NA,NA,NA,100,0.0463199742719216,0.0574125621367159,759,0.00474635559537742,0.00562802710445813,759,NA,NA,NA,NA
