"","countrycode","regioncode","population_region","p_w_regs_only","p_m_regs_only","recent_p_w_regs_only","recent_p_m_regs_only","sumreach_regs","p_w_regs","p_m_regs","recent_p_w_regs","recent_p_m_regs","population_country","p_w_country_only","p_m_country_only","recent_p_w_country_only","recent_p_m_country_only","sumreach_country","p_w_country_rhs","p_m_country_rhs","sumreach_country_rhs","recent_p_w_country_rhs","recent_p_m_country_rhs","recent_sumreach_country_rhs","p_w_country","p_m_country","recent_p_w_country","recent_p_m_country"
"1","GB","GBENG",56286961,0.0511945392491468,0.062031302031302,0.00175131348511384,0.00416666666666667,586,0.0511945392491468,0.062031302031302,0.00175131348511384,0.00416666666666667,66796807,NA,NA,NA,NA,100,0.048513992084181,0.0611672043280408,832,0.00154886910555515,0.00368501774696663,832,NA,NA,NA,NA
"2","GB","GBNIR",1893667,0.01,0.01,0,0,100,0.01,0.01,0,0,66796807,NA,NA,NA,NA,100,0.048513992084181,0.0611672043280408,832,0.00154886910555515,0.00368501774696663,832,NA,NA,NA,NA
"3","GB","GBSCT",5463300,0.0342465753424658,0.07,0,0,146,0.0342465753424658,0.07,0,0,66796807,NA,NA,NA,NA,100,0.048513992084181,0.0611672043280408,832,0.00154886910555515,0.00368501774696663,832,NA,NA,NA,NA
"4","GB","GBWLS",3152879,NA,NA,NA,NA,26,NA,NA,NA,NA,66796807,NA,NA,NA,NA,100,0.048513992084181,0.0611672043280408,832,0.00154886910555515,0.00368501774696663,832,NA,NA,NA,NA
