"","countrycode","regioncode","population_region","p_w_regs_only","p_m_regs_only","recent_p_w_regs_only","recent_p_m_regs_only","sumreach_regs","p_w_regs","p_m_regs","recent_p_w_regs","recent_p_m_regs","population_country","p_w_country_only","p_m_country_only","recent_p_w_country_only","recent_p_m_country_only","sumreach_country","p_w_country_rhs","p_m_country_rhs","sumreach_country_rhs","recent_p_w_country_rhs","recent_p_m_country_rhs","recent_sumreach_country_rhs","p_w_country","p_m_country","recent_p_w_country","recent_p_m_country"
"1","GB","GBENG",56286961,0.0515097690941385,0.0692188114915388,0.00182481751824818,0.005,563,0.0515097690941385,0.0692188114915388,0.00182481751824818,0.005,66796807,NA,NA,NA,NA,100,0.0481421108093891,0.0659501046649822,813,0.00161387638553283,0.00442202129635996,813,NA,NA,NA,NA
"2","GB","GBNIR",1893667,0.01,0.01,0,0,100,0.01,0.01,0,0,66796807,NA,NA,NA,NA,100,0.0481421108093891,0.0659501046649822,813,0.00161387638553283,0.00442202129635996,813,NA,NA,NA,NA
"3","GB","GBSCT",5463300,0.0266666666666667,0.0516666666666667,0,0,150,0.0266666666666667,0.0516666666666667,0,0,66796807,NA,NA,NA,NA,100,0.0481421108093891,0.0659501046649822,813,0.00161387638553283,0.00442202129635996,813,NA,NA,NA,NA
"4","GB","GBWLS",3152879,NA,NA,NA,NA,26,NA,NA,NA,NA,66796807,NA,NA,NA,NA,100,0.0481421108093891,0.0659501046649822,813,0.00161387638553283,0.00442202129635996,813,NA,NA,NA,NA
