"","countrycode","regioncode","population_region","p_w_regs_only","p_m_regs_only","recent_p_w_regs_only","recent_p_m_regs_only","sumreach_regs","p_w_regs","p_m_regs","recent_p_w_regs","recent_p_m_regs","population_country","p_w_country_only","p_m_country_only","recent_p_w_country_only","recent_p_m_country_only","sumreach_country","p_w_country_rhs","p_m_country_rhs","sumreach_country_rhs","recent_p_w_country_rhs","recent_p_m_country_rhs","recent_sumreach_country_rhs","p_w_country","p_m_country","recent_p_w_country","recent_p_m_country"
"1","GB","GBENG",56286961,0.0431034482758621,0.0639466089466089,0.00175131348511384,0.00454545454545455,580,0.0431034482758621,0.0639466089466089,0.00175131348511384,0.00454545454545455,66796807,NA,NA,NA,NA,100,0.0501240941101942,0.0657224983640235,746,0.00154886910555515,0.00402001936032724,746,NA,NA,NA,NA
"2","GB","GBNIR",1893667,0.01,0.01,0,0,100,0.01,0.01,0,0,66796807,NA,NA,NA,NA,100,0.0501240941101942,0.0657224983640235,746,0.00154886910555515,0.00402001936032724,746,NA,NA,NA,NA
"3","GB","GBSCT",5463300,0.136363636363636,0.103333333333333,0,0,66,0.136363636363636,0.103333333333333,0,0,66796807,NA,NA,NA,NA,100,0.0501240941101942,0.0657224983640235,746,0.00154886910555515,0.00402001936032724,746,NA,NA,NA,NA
"4","GB","GBWLS",3152879,NA,NA,NA,NA,26,NA,NA,NA,NA,66796807,NA,NA,NA,NA,100,0.0501240941101942,0.0657224983640235,746,0.00154886910555515,0.00402001936032724,746,NA,NA,NA,NA
