"","countrycode","regioncode","population_region","p_w_regs_only","p_m_regs_only","recent_p_w_regs_only","recent_p_m_regs_only","sumreach_regs","p_w_regs","p_m_regs","recent_p_w_regs","recent_p_m_regs","population_country","p_w_country_only","p_m_country_only","recent_p_w_country_only","recent_p_m_country_only","sumreach_country","p_w_country_rhs","p_m_country_rhs","sumreach_country_rhs","recent_p_w_country_rhs","recent_p_m_country_rhs","recent_sumreach_country_rhs","p_w_country","p_m_country","recent_p_w_country","recent_p_m_country"
"1","GB","GBENG",56286961,0.0438066465256798,0.0601329622758194,0.0046656298600311,0.0056,662,0.0438066465256798,0.0601329622758194,0.0046656298600311,0.0056,66796807,NA,NA,NA,NA,100,0.0501166680035147,0.0592021657185194,824,0.0041263029203981,0.00495266385192316,824,NA,NA,NA,NA
"2","GB","GBNIR",1893667,0.01,0.01,0,0,100,0.01,0.01,0,0,66796807,NA,NA,NA,NA,100,0.0501166680035147,0.0592021657185194,824,0.0041263029203981,0.00495266385192316,824,NA,NA,NA,NA
"3","GB","GBSCT",5463300,0.129032258064516,0.0666666666666667,0,0,62,0.129032258064516,0.0666666666666667,0,0,66796807,NA,NA,NA,NA,100,0.0501166680035147,0.0592021657185194,824,0.0041263029203981,0.00495266385192316,824,NA,NA,NA,NA
"4","GB","GBWLS",3152879,NA,NA,NA,NA,26,NA,NA,NA,NA,66796807,NA,NA,NA,NA,100,0.0501166680035147,0.0592021657185194,824,0.0041263029203981,0.00495266385192316,824,NA,NA,NA,NA
