"","countrycode","regioncode","population_region","p_w_regs_only","p_m_regs_only","recent_p_w_regs_only","recent_p_m_regs_only","sumreach_regs","p_w_regs","p_m_regs","recent_p_w_regs","recent_p_m_regs","population_country","p_w_country_only","p_m_country_only","recent_p_w_country_only","recent_p_m_country_only","sumreach_country","p_w_country_rhs","p_m_country_rhs","sumreach_country_rhs","recent_p_w_country_rhs","recent_p_m_country_rhs","recent_sumreach_country_rhs","p_w_country","p_m_country","recent_p_w_country","recent_p_m_country"
"1","GB","GBENG",56286961,0.0429553264604811,0.0585191819674578,0.00528169014084507,0.00518518518518519,582,0.0429553264604811,0.0585191819674578,0.00528169014084507,0.00518518518518519,66796807,NA,NA,NA,NA,100,0.0503588970455024,0.0631400348695354,746,0.00467114925671827,0.00458579986289181,746,NA,NA,NA,NA
"2","GB","GBNIR",1893667,0.01,0.01,0,0,100,0.01,0.01,0,0,66796807,NA,NA,NA,NA,100,0.0503588970455024,0.0631400348695354,746,0.00467114925671827,0.00458579986289181,746,NA,NA,NA,NA
"3","GB","GBSCT",5463300,0.140625,0.129166666666667,0,0,64,0.140625,0.129166666666667,0,0,66796807,NA,NA,NA,NA,100,0.0503588970455024,0.0631400348695354,746,0.00467114925671827,0.00458579986289181,746,NA,NA,NA,NA
"4","GB","GBWLS",3152879,NA,NA,NA,NA,26,NA,NA,NA,NA,66796807,NA,NA,NA,NA,100,0.0503588970455024,0.0631400348695354,746,0.00467114925671827,0.00458579986289181,746,NA,NA,NA,NA
