"","countrycode","regioncode","population_region","p_w_regs_only","p_m_regs_only","recent_p_w_regs_only","recent_p_m_regs_only","sumreach_regs","p_w_regs","p_m_regs","recent_p_w_regs","recent_p_m_regs","population_country","p_w_country_only","p_m_country_only","recent_p_w_country_only","recent_p_m_country_only","sumreach_country","p_w_country_rhs","p_m_country_rhs","sumreach_country_rhs","recent_p_w_country_rhs","recent_p_m_country_rhs","recent_sumreach_country_rhs","p_w_country","p_m_country","recent_p_w_country","recent_p_m_country"
"1","GB","GBENG",56286961,0.0398613518197574,0.0662359307359307,0.00519930675909879,0.007,577,0.0398613518197574,0.0662359307359307,0.00519930675909879,0.007,66796807,NA,NA,NA,NA,100,0.0376793956572609,0.0646711917299013,798,0.00459828904300863,0.00619082981490395,798,NA,NA,NA,NA
"2","GB","GBNIR",1893667,0.01,0.01,0,0,100,0.01,0.01,0,0,66796807,NA,NA,NA,NA,100,0.0376793956572609,0.0646711917299013,798,0.00459828904300863,0.00619082981490395,798,NA,NA,NA,NA
"3","GB","GBSCT",5463300,0.0247933884297521,0.0675,0,0,121,0.0247933884297521,0.0675,0,0,66796807,NA,NA,NA,NA,100,0.0376793956572609,0.0646711917299013,798,0.00459828904300863,0.00619082981490395,798,NA,NA,NA,NA
"4","GB","GBWLS",3152879,NA,NA,NA,NA,26,NA,NA,NA,NA,66796807,NA,NA,NA,NA,100,0.0376793956572609,0.0646711917299013,798,0.00459828904300863,0.00619082981490395,798,NA,NA,NA,NA
