"","countrycode","regioncode","population_region","p_w_regs_only","p_m_regs_only","recent_p_w_regs_only","recent_p_m_regs_only","sumreach_regs","p_w_regs","p_m_regs","recent_p_w_regs","recent_p_m_regs","population_country","p_w_country_only","p_m_country_only","recent_p_w_country_only","recent_p_m_country_only","sumreach_country","p_w_country_rhs","p_m_country_rhs","sumreach_country_rhs","recent_p_w_country_rhs","recent_p_m_country_rhs","recent_sumreach_country_rhs","p_w_country","p_m_country","recent_p_w_country","recent_p_m_country"
"1","GB","GBENG",56286961,0.0460750853242321,0.0608774558774559,0.00175131348511384,0.00416666666666667,586,0.0460750853242321,0.0608774558774559,0.00175131348511384,0.00416666666666667,66796807,NA,NA,NA,NA,100,0.0431067422601057,0.0587732714227441,811,0.00154886910555515,0.00368501774696663,811,NA,NA,NA,NA
"2","GB","GBNIR",1893667,0.01,0.01,0,0,100,0.01,0.01,0,0,66796807,NA,NA,NA,NA,100,0.0431067422601057,0.0587732714227441,811,0.00154886910555515,0.00368501774696663,811,NA,NA,NA,NA
"3","GB","GBSCT",5463300,0.024,0.054,0,0,125,0.024,0.054,0,0,66796807,NA,NA,NA,NA,100,0.0431067422601057,0.0587732714227441,811,0.00154886910555515,0.00368501774696663,811,NA,NA,NA,NA
"4","GB","GBWLS",3152879,NA,NA,NA,NA,26,NA,NA,NA,NA,66796807,NA,NA,NA,NA,100,0.0431067422601057,0.0587732714227441,811,0.00154886910555515,0.00368501774696663,811,NA,NA,NA,NA
