"","countrycode","regioncode","population_region","p_w_regs_only","p_m_regs_only","recent_p_w_regs_only","recent_p_m_regs_only","sumreach_regs","p_w_regs","p_m_regs","recent_p_w_regs","recent_p_m_regs","population_country","p_w_country_only","p_m_country_only","recent_p_w_country_only","recent_p_m_country_only","sumreach_country","p_w_country_rhs","p_m_country_rhs","sumreach_country_rhs","recent_p_w_country_rhs","recent_p_m_country_rhs","recent_sumreach_country_rhs","p_w_country","p_m_country","recent_p_w_country","recent_p_m_country"
"1","GB","GBENG",56286961,0.0454545454545455,0.056005661005661,0.00517241379310345,0.00583333333333333,594,0.0454545454545455,0.056005661005661,0.00517241379310345,0.00583333333333333,66796807,NA,NA,NA,NA,100,0.0426260399308005,0.0556234976069494,815,0.00457450478933789,0.00515902484575329,815,NA,NA,NA,NA
"2","GB","GBNIR",1893667,0.01,0.01,0,0,100,0.01,0.01,0,0,66796807,NA,NA,NA,NA,100,0.0426260399308005,0.0556234976069494,815,0.00457450478933789,0.00515902484575329,815,NA,NA,NA,NA
"3","GB","GBSCT",5463300,0.0247933884297521,0.0675,0,0,121,0.0247933884297521,0.0675,0,0,66796807,NA,NA,NA,NA,100,0.0426260399308005,0.0556234976069494,815,0.00457450478933789,0.00515902484575329,815,NA,NA,NA,NA
"4","GB","GBWLS",3152879,NA,NA,NA,NA,26,NA,NA,NA,NA,66796807,NA,NA,NA,NA,100,0.0426260399308005,0.0556234976069494,815,0.00457450478933789,0.00515902484575329,815,NA,NA,NA,NA
