"","countrycode","regioncode","population_region","p_w_regs_only","p_m_regs_only","recent_p_w_regs_only","recent_p_m_regs_only","sumreach_regs","p_w_regs","p_m_regs","recent_p_w_regs","recent_p_m_regs","population_country","p_w_country_only","p_m_country_only","recent_p_w_country_only","recent_p_m_country_only","sumreach_country","p_w_country_rhs","p_m_country_rhs","sumreach_country_rhs","recent_p_w_country_rhs","recent_p_m_country_rhs","recent_sumreach_country_rhs","p_w_country","p_m_country","recent_p_w_country","recent_p_m_country"
"1","GB","GBENG",56286961,0.0435540069686411,0.0448727272727273,0.0036036036036036,0.00181818181818182,574,0.0435540069686411,0.0448727272727273,0.0036036036036036,0.00181818181818182,66796807,NA,NA,NA,NA,100,0.0502624439151152,0.0476135411791413,734,0.00318704237575493,0.00160800774413089,734,NA,NA,NA,NA
"2","GB","GBNIR",1893667,0.01,0.01,0,0,100,0.01,0.01,0,0,66796807,NA,NA,NA,NA,100,0.0502624439151152,0.0476135411791413,734,0.00318704237575493,0.00160800774413089,734,NA,NA,NA,NA
"3","GB","GBSCT",5463300,0.133333333333333,0.0888888888888889,0,0,60,0.133333333333333,0.0888888888888889,0,0,66796807,NA,NA,NA,NA,100,0.0502624439151152,0.0476135411791413,734,0.00318704237575493,0.00160800774413089,734,NA,NA,NA,NA
"4","GB","GBWLS",3152879,NA,NA,NA,NA,26,NA,NA,NA,NA,66796807,NA,NA,NA,NA,100,0.0502624439151152,0.0476135411791413,734,0.00318704237575493,0.00160800774413089,734,NA,NA,NA,NA
