"","countrycode","regioncode","population_region","p_w_regs_only","p_m_regs_only","recent_p_w_regs_only","recent_p_m_regs_only","sumreach_regs","p_w_regs","p_m_regs","recent_p_w_regs","recent_p_m_regs","population_country","p_w_country_only","p_m_country_only","recent_p_w_country_only","recent_p_m_country_only","sumreach_country","p_w_country_rhs","p_m_country_rhs","sumreach_country_rhs","recent_p_w_country_rhs","recent_p_m_country_rhs","recent_sumreach_country_rhs","p_w_country","p_m_country","recent_p_w_country","recent_p_m_country"
"1","GB","GBENG",56286961,0.0392798690671031,0.0592839105339105,0.00166389351081531,0.00434782608695652,611,0.0392798690671031,0.0592839105339105,0.00166389351081531,0.00434782608695652,66796807,NA,NA,NA,NA,100,0.0371651298341203,0.0585227954526897,832,0.00147155450794009,0.00384523590987823,832,NA,NA,NA,NA
"2","GB","GBNIR",1893667,0.01,0.01,0,0,100,0.01,0.01,0,0,66796807,NA,NA,NA,NA,100,0.0371651298341203,0.0585227954526897,832,0.00147155450794009,0.00384523590987823,832,NA,NA,NA,NA
"3","GB","GBSCT",5463300,0.0247933884297521,0.0675,0,0,121,0.0247933884297521,0.0675,0,0,66796807,NA,NA,NA,NA,100,0.0371651298341203,0.0585227954526897,832,0.00147155450794009,0.00384523590987823,832,NA,NA,NA,NA
"4","GB","GBWLS",3152879,NA,NA,NA,NA,26,NA,NA,NA,NA,66796807,NA,NA,NA,NA,100,0.0371651298341203,0.0585227954526897,832,0.00147155450794009,0.00384523590987823,832,NA,NA,NA,NA
