"","countrycode","regioncode","population_region","p_w_regs_only","p_m_regs_only","recent_p_w_regs_only","recent_p_m_regs_only","sumreach_regs","p_w_regs","p_m_regs","recent_p_w_regs","recent_p_m_regs","population_country","p_w_country_only","p_m_country_only","recent_p_w_country_only","recent_p_m_country_only","sumreach_country","p_w_country_rhs","p_m_country_rhs","sumreach_country_rhs","recent_p_w_country_rhs","recent_p_m_country_rhs","recent_sumreach_country_rhs","p_w_country","p_m_country","recent_p_w_country","recent_p_m_country"
"1","GB","GBENG",56286961,0.051056338028169,0.0624006296733569,0.00180831826401447,0.005,568,0.051056338028169,0.0624006296733569,0.00180831826401447,0.005,66796807,NA,NA,NA,NA,100,0.0474717872958514,0.059347797936037,753,0.00159928437481373,0.00442202129635996,753,NA,NA,NA,NA
"2","GB","GBNIR",1893667,0.01,0.01,0,0,100,0.01,0.01,0,0,66796807,NA,NA,NA,NA,100,0.0474717872958514,0.059347797936037,753,0.00159928437481373,0.00442202129635996,753,NA,NA,NA,NA
"3","GB","GBSCT",5463300,0.0235294117647059,0.045,0,0,85,0.0235294117647059,0.045,0,0,66796807,NA,NA,NA,NA,100,0.0474717872958514,0.059347797936037,753,0.00159928437481373,0.00442202129635996,753,NA,NA,NA,NA
"4","GB","GBWLS",3152879,NA,NA,NA,NA,26,NA,NA,NA,NA,66796807,NA,NA,NA,NA,100,0.0474717872958514,0.059347797936037,753,0.00159928437481373,0.00442202129635996,753,NA,NA,NA,NA
