"","countrycode","regioncode","population_region","p_w_regs_only","p_m_regs_only","recent_p_w_regs_only","recent_p_m_regs_only","sumreach_regs","p_w_regs","p_m_regs","recent_p_w_regs","recent_p_m_regs","population_country","p_w_country_only","p_m_country_only","recent_p_w_country_only","recent_p_m_country_only","sumreach_country","p_w_country_rhs","p_m_country_rhs","sumreach_country_rhs","recent_p_w_country_rhs","recent_p_m_country_rhs","recent_sumreach_country_rhs","p_w_country","p_m_country","recent_p_w_country","recent_p_m_country"
"1","GB","GBENG",56286961,0.0401396160558464,0.0583963006690279,0.00177304964539007,0.005,573,0.0401396160558464,0.0583963006690279,0.00177304964539007,0.005,66796807,NA,NA,NA,NA,100,0.04230034383055,0.0593258600930767,739,0.00156809265828367,0.00442202129635996,739,NA,NA,NA,NA
"2","GB","GBNIR",1893667,0.01,0.01,0,0,100,0.01,0.01,0,0,66796807,NA,NA,NA,NA,100,0.04230034383055,0.0593258600930767,739,0.00156809265828367,0.00442202129635996,739,NA,NA,NA,NA
"3","GB","GBSCT",5463300,0.0757575757575758,0.086,0,0,66,0.0757575757575758,0.086,0,0,66796807,NA,NA,NA,NA,100,0.04230034383055,0.0593258600930767,739,0.00156809265828367,0.00442202129635996,739,NA,NA,NA,NA
"4","GB","GBWLS",3152879,NA,NA,NA,NA,26,NA,NA,NA,NA,66796807,NA,NA,NA,NA,100,0.04230034383055,0.0593258600930767,739,0.00156809265828367,0.00442202129635996,739,NA,NA,NA,NA
