"","countrycode","regioncode","population_region","p_w_regs_only","p_m_regs_only","recent_p_w_regs_only","recent_p_m_regs_only","sumreach_regs","p_w_regs","p_m_regs","recent_p_w_regs","recent_p_m_regs","population_country","p_w_country_only","p_m_country_only","recent_p_w_country_only","recent_p_m_country_only","sumreach_country","p_w_country_rhs","p_m_country_rhs","sumreach_country_rhs","recent_p_w_country_rhs","recent_p_m_country_rhs","recent_sumreach_country_rhs","p_w_country","p_m_country","recent_p_w_country","recent_p_m_country"
"1","GB","GBENG",56286961,0.0402684563758389,0.0398681621408894,0.00346620450606586,0.00210526315789474,596,0.0402684563758389,0.0398681621408894,0.00346620450606586,0.00210526315789474,66796807,NA,NA,NA,NA,100,0.0408163725373082,0.0411368207437781,766,0.00306552602867242,0.00186190370373051,766,NA,NA,NA,NA
"2","GB","GBNIR",1893667,0.01,0.01,0,0,100,0.01,0.01,0,0,66796807,NA,NA,NA,NA,100,0.0408163725373082,0.0411368207437781,766,0.00306552602867242,0.00186190370373051,766,NA,NA,NA,NA
"3","GB","GBSCT",5463300,0.0571428571428571,0.065,0,0,70,0.0571428571428571,0.065,0,0,66796807,NA,NA,NA,NA,100,0.0408163725373082,0.0411368207437781,766,0.00306552602867242,0.00186190370373051,766,NA,NA,NA,NA
"4","GB","GBWLS",3152879,NA,NA,NA,NA,26,NA,NA,NA,NA,66796807,NA,NA,NA,NA,100,0.0408163725373082,0.0411368207437781,766,0.00306552602867242,0.00186190370373051,766,NA,NA,NA,NA
