"","countrycode","regioncode","population_region","p_w_regs_only","p_m_regs_only","recent_p_w_regs_only","recent_p_m_regs_only","sumreach_regs","p_w_regs","p_m_regs","recent_p_w_regs","recent_p_m_regs","population_country","p_w_country_only","p_m_country_only","recent_p_w_country_only","recent_p_m_country_only","sumreach_country","p_w_country_rhs","p_m_country_rhs","sumreach_country_rhs","recent_p_w_country_rhs","recent_p_m_country_rhs","recent_sumreach_country_rhs","p_w_country","p_m_country","recent_p_w_country","recent_p_m_country"
"1","GB","GBENG",56286961,0.0373001776198934,0.0647095010252905,0.00532859680284192,0.00736842105263158,563,0.0373001776198934,0.0647095010252905,0.00532859680284192,0.00736842105263158,66796807,NA,NA,NA,NA,100,0.036225759479404,0.0635358149255022,809,0.00471263370837651,0.00651666296305678,809,NA,NA,NA,NA
"2","GB","GBNIR",1893667,0.01,0.01,0,0,100,0.01,0.01,0,0,66796807,NA,NA,NA,NA,100,0.036225759479404,0.0635358149255022,809,0.00471263370837651,0.00651666296305678,809,NA,NA,NA,NA
"3","GB","GBSCT",5463300,0.0342465753424658,0.07,0,0,146,0.0342465753424658,0.07,0,0,66796807,NA,NA,NA,NA,100,0.036225759479404,0.0635358149255022,809,0.00471263370837651,0.00651666296305678,809,NA,NA,NA,NA
"4","GB","GBWLS",3152879,NA,NA,NA,NA,26,NA,NA,NA,NA,66796807,NA,NA,NA,NA,100,0.036225759479404,0.0635358149255022,809,0.00471263370837651,0.00651666296305678,809,NA,NA,NA,NA
