"","countrycode","regioncode","population_region","p_w_regs_only","p_m_regs_only","recent_p_w_regs_only","recent_p_m_regs_only","sumreach_regs","p_w_regs","p_m_regs","recent_p_w_regs","recent_p_m_regs","population_country","p_w_country_only","p_m_country_only","recent_p_w_country_only","recent_p_m_country_only","sumreach_country","p_w_country_rhs","p_m_country_rhs","sumreach_country_rhs","recent_p_w_country_rhs","recent_p_m_country_rhs","recent_sumreach_country_rhs","p_w_country","p_m_country","recent_p_w_country","recent_p_m_country"
"1","GB","GBENG",56286961,0.0475460122699387,0.0624159174159174,0.00155763239875389,0.004,652,0.0475460122699387,0.0624159174159174,0.00155763239875389,0.004,66796807,NA,NA,NA,NA,100,0.0443132760253511,0.0601338933600856,883,0.00137757672783799,0.00353761703708797,883,NA,NA,NA,NA
"2","GB","GBNIR",1893667,0.01,0.01,0,0,100,0.01,0.01,0,0,66796807,NA,NA,NA,NA,100,0.0443132760253511,0.0601338933600856,883,0.00137757672783799,0.00353761703708797,883,NA,NA,NA,NA
"3","GB","GBSCT",5463300,0.0229007633587786,0.054,0,0,131,0.0229007633587786,0.054,0,0,66796807,NA,NA,NA,NA,100,0.0443132760253511,0.0601338933600856,883,0.00137757672783799,0.00353761703708797,883,NA,NA,NA,NA
"4","GB","GBWLS",3152879,NA,NA,NA,NA,26,NA,NA,NA,NA,66796807,NA,NA,NA,NA,100,0.0443132760253511,0.0601338933600856,883,0.00137757672783799,0.00353761703708797,883,NA,NA,NA,NA
