"","countrycode","regioncode","population_region","p_w_regs_only","p_m_regs_only","recent_p_w_regs_only","recent_p_m_regs_only","sumreach_regs","p_w_regs","p_m_regs","recent_p_w_regs","recent_p_m_regs","population_country","p_w_country_only","p_m_country_only","recent_p_w_country_only","recent_p_m_country_only","sumreach_country","p_w_country_rhs","p_m_country_rhs","sumreach_country_rhs","recent_p_w_country_rhs","recent_p_m_country_rhs","recent_sumreach_country_rhs","p_w_country","p_m_country","recent_p_w_country","recent_p_m_country"
"1","GB","GBENG",56286961,0.0429042904290429,0.050587012987013,0.00340715502555366,0.00181818181818182,606,0.0429042904290429,0.050587012987013,0.00340715502555366,0.00181818181818182,66796807,NA,NA,NA,NA,100,0.049318620428269,0.0507596875087046,768,0.00301330241659963,0.00160800774413089,768,NA,NA,NA,NA
"2","GB","GBNIR",1893667,0.01,0.01,0,0,100,0.01,0.01,0,0,66796807,NA,NA,NA,NA,100,0.049318620428269,0.0507596875087046,768,0.00301330241659963,0.00160800774413089,768,NA,NA,NA,NA
"3","GB","GBSCT",5463300,0.129032258064516,0.0666666666666667,0,0,62,0.129032258064516,0.0666666666666667,0,0,66796807,NA,NA,NA,NA,100,0.049318620428269,0.0507596875087046,768,0.00301330241659963,0.00160800774413089,768,NA,NA,NA,NA
"4","GB","GBWLS",3152879,NA,NA,NA,NA,26,NA,NA,NA,NA,66796807,NA,NA,NA,NA,100,0.049318620428269,0.0507596875087046,768,0.00301330241659963,0.00160800774413089,768,NA,NA,NA,NA
