"","countrycode","regioncode","population_region","p_w_regs_only","p_m_regs_only","recent_p_w_regs_only","recent_p_m_regs_only","sumreach_regs","p_w_regs","p_m_regs","recent_p_w_regs","recent_p_m_regs","population_country","p_w_country_only","p_m_country_only","recent_p_w_country_only","recent_p_m_country_only","sumreach_country","p_w_country_rhs","p_m_country_rhs","sumreach_country_rhs","recent_p_w_country_rhs","recent_p_m_country_rhs","recent_sumreach_country_rhs","p_w_country","p_m_country","recent_p_w_country","recent_p_m_country"
"1","GB","GBENG",56286961,0.0421792618629174,0.0634142668925278,0.00178571428571429,0.00476190476190476,569,0.0421792618629174,0.0634142668925278,0.00178571428571429,0.00476190476190476,66796807,NA,NA,NA,NA,100,0.0493067397102246,0.0652516927840045,735,0.00157929332012856,0.00421144885367615,735,NA,NA,NA,NA
"2","GB","GBNIR",1893667,0.01,0.01,0,0,100,0.01,0.01,0,0,66796807,NA,NA,NA,NA,100,0.0493067397102246,0.0652516927840045,735,0.00157929332012856,0.00421144885367615,735,NA,NA,NA,NA
"3","GB","GBSCT",5463300,0.136363636363636,0.103333333333333,0,0,66,0.136363636363636,0.103333333333333,0,0,66796807,NA,NA,NA,NA,100,0.0493067397102246,0.0652516927840045,735,0.00157929332012856,0.00421144885367615,735,NA,NA,NA,NA
"4","GB","GBWLS",3152879,NA,NA,NA,NA,26,NA,NA,NA,NA,66796807,NA,NA,NA,NA,100,0.0493067397102246,0.0652516927840045,735,0.00157929332012856,0.00421144885367615,735,NA,NA,NA,NA
