"","countrycode","regioncode","population_region","p_w_regs_only","p_m_regs_only","recent_p_w_regs_only","recent_p_m_regs_only","sumreach_regs","p_w_regs","p_m_regs","recent_p_w_regs","recent_p_m_regs","population_country","p_w_country_only","p_m_country_only","recent_p_w_country_only","recent_p_m_country_only","sumreach_country","p_w_country_rhs","p_m_country_rhs","sumreach_country_rhs","recent_p_w_country_rhs","recent_p_m_country_rhs","recent_sumreach_country_rhs","p_w_country","p_m_country","recent_p_w_country","recent_p_m_country"
"1","GB","GBENG",56286961,0.0512367491166078,0.0634505772005772,0.00181159420289855,0.00454545454545455,566,0.0512367491166078,0.0634505772005772,0.00181159420289855,0.00454545454545455,66796807,NA,NA,NA,NA,100,0.0477310870188525,0.0610489508805361,747,0.00160218162911593,0.00402001936032724,747,NA,NA,NA,NA
"2","GB","GBNIR",1893667,0.01,0.01,0,0,100,0.01,0.01,0,0,66796807,NA,NA,NA,NA,100,0.0477310870188525,0.0610489508805361,747,0.00160218162911593,0.00402001936032724,747,NA,NA,NA,NA
"3","GB","GBSCT",5463300,0.0246913580246914,0.054,0,0,81,0.0246913580246914,0.054,0,0,66796807,NA,NA,NA,NA,100,0.0477310870188525,0.0610489508805361,747,0.00160218162911593,0.00402001936032724,747,NA,NA,NA,NA
"4","GB","GBWLS",3152879,NA,NA,NA,NA,26,NA,NA,NA,NA,66796807,NA,NA,NA,NA,100,0.0477310870188525,0.0610489508805361,747,0.00160218162911593,0.00402001936032724,747,NA,NA,NA,NA
