"","countrycode","regioncode","population_region","p_w_regs_only","p_m_regs_only","recent_p_w_regs_only","recent_p_m_regs_only","sumreach_regs","p_w_regs","p_m_regs","recent_p_w_regs","recent_p_m_regs","population_country","p_w_country_only","p_m_country_only","recent_p_w_country_only","recent_p_m_country_only","sumreach_country","p_w_country_rhs","p_m_country_rhs","sumreach_country_rhs","recent_p_w_country_rhs","recent_p_m_country_rhs","recent_sumreach_country_rhs","p_w_country","p_m_country","recent_p_w_country","recent_p_m_country"
"1","GB","GBENG",56286961,0.0419463087248322,0.0579347041847042,0.00519930675909879,0.00666666666666667,596,0.0419463087248322,0.0579347041847042,0.00519930675909879,0.00666666666666667,66796807,NA,NA,NA,NA,100,0.0488405887406665,0.0591656091946061,756,0.00459828904300863,0.00589602839514662,756,NA,NA,NA,NA
"2","GB","GBNIR",1893667,0.01,0.01,0,0,100,0.01,0.01,0,0,66796807,NA,NA,NA,NA,100,0.0488405887406665,0.0591656091946061,756,0.00459828904300863,0.00589602839514662,756,NA,NA,NA,NA
"3","GB","GBSCT",5463300,0.133333333333333,0.0888888888888889,0,0,60,0.133333333333333,0.0888888888888889,0,0,66796807,NA,NA,NA,NA,100,0.0488405887406665,0.0591656091946061,756,0.00459828904300863,0.00589602839514662,756,NA,NA,NA,NA
"4","GB","GBWLS",3152879,NA,NA,NA,NA,26,NA,NA,NA,NA,66796807,NA,NA,NA,NA,100,0.0488405887406665,0.0591656091946061,756,0.00459828904300863,0.00589602839514662,756,NA,NA,NA,NA
