"","countrycode","regioncode","population_region","p_w_regs_only","p_m_regs_only","recent_p_w_regs_only","recent_p_m_regs_only","sumreach_regs","p_w_regs","p_m_regs","recent_p_w_regs","recent_p_m_regs","population_country","p_w_country_only","p_m_country_only","recent_p_w_country_only","recent_p_m_country_only","sumreach_country","p_w_country_rhs","p_m_country_rhs","sumreach_country_rhs","recent_p_w_country_rhs","recent_p_m_country_rhs","recent_sumreach_country_rhs","p_w_country","p_m_country","recent_p_w_country","recent_p_m_country"
"1","GB","GBENG",56286961,0.043859649122807,0.0657298701298701,0.00539568345323741,0.00608695652173913,570,0.043859649122807,0.0657298701298701,0.00539568345323741,0.00608695652173913,66796807,NA,NA,NA,NA,100,0.0507928813600973,0.0672996221498941,736,0.00477196542772658,0.00538333027382952,736,NA,NA,NA,NA
"2","GB","GBNIR",1893667,0.01,0.01,0,0,100,0.01,0.01,0,0,66796807,NA,NA,NA,NA,100,0.0507928813600973,0.0672996221498941,736,0.00477196542772658,0.00538333027382952,736,NA,NA,NA,NA
"3","GB","GBSCT",5463300,0.136363636363636,0.103333333333333,0,0,66,0.136363636363636,0.103333333333333,0,0,66796807,NA,NA,NA,NA,100,0.0507928813600973,0.0672996221498941,736,0.00477196542772658,0.00538333027382952,736,NA,NA,NA,NA
"4","GB","GBWLS",3152879,NA,NA,NA,NA,26,NA,NA,NA,NA,66796807,NA,NA,NA,NA,100,0.0507928813600973,0.0672996221498941,736,0.00477196542772658,0.00538333027382952,736,NA,NA,NA,NA
