"","countrycode","regioncode","population_region","p_w_regs_only","p_m_regs_only","recent_p_w_regs_only","recent_p_m_regs_only","sumreach_regs","p_w_regs","p_m_regs","recent_p_w_regs","recent_p_m_regs","population_country","p_w_country_only","p_m_country_only","recent_p_w_country_only","recent_p_m_country_only","sumreach_country","p_w_country_rhs","p_m_country_rhs","sumreach_country_rhs","recent_p_w_country_rhs","recent_p_m_country_rhs","recent_sumreach_country_rhs","p_w_country","p_m_country","recent_p_w_country","recent_p_m_country"
"1","GB","GBENG",56286961,0.0560271646859083,0.0651240981240981,0.00175438596491228,0.0037037037037037,589,0.0560271646859083,0.0651240981240981,0.00175438596491228,0.0037037037037037,66796807,NA,NA,NA,NA,100,0.0612937577268376,0.0655239398161903,749,0.00155158641977542,0.00327557133063701,749,NA,NA,NA,NA
"2","GB","GBNIR",1893667,0.01,0.01,0,0,100,0.01,0.01,0,0,66796807,NA,NA,NA,NA,100,0.0612937577268376,0.0655239398161903,749,0.00155158641977542,0.00327557133063701,749,NA,NA,NA,NA
"3","GB","GBSCT",5463300,0.133333333333333,0.0888888888888889,0,0,60,0.133333333333333,0.0888888888888889,0,0,66796807,NA,NA,NA,NA,100,0.0612937577268376,0.0655239398161903,749,0.00155158641977542,0.00327557133063701,749,NA,NA,NA,NA
"4","GB","GBWLS",3152879,NA,NA,NA,NA,26,NA,NA,NA,NA,66796807,NA,NA,NA,NA,100,0.0612937577268376,0.0655239398161903,749,0.00155158641977542,0.00327557133063701,749,NA,NA,NA,NA
