"","countrycode","regioncode","population_region","p_w_regs_only","p_m_regs_only","recent_p_w_regs_only","recent_p_m_regs_only","sumreach_regs","p_w_regs","p_m_regs","recent_p_w_regs","recent_p_m_regs","population_country","p_w_country_only","p_m_country_only","recent_p_w_country_only","recent_p_m_country_only","sumreach_country","p_w_country_rhs","p_m_country_rhs","sumreach_country_rhs","recent_p_w_country_rhs","recent_p_m_country_rhs","recent_sumreach_country_rhs","p_w_country","p_m_country","recent_p_w_country","recent_p_m_country"
"1","GB","GBENG",56286961,0.0408805031446541,0.0609505772005772,0.00483091787439614,0.00636363636363636,636,0.0408805031446541,0.0609505772005772,0.00483091787439614,0.00636363636363636,66796807,NA,NA,NA,NA,100,0.0393922146230826,0.0602114066846468,882,0.00427248434430914,0.00562802710445813,882,NA,NA,NA,NA
"2","GB","GBNIR",1893667,0.01,0.01,0,0,100,0.01,0.01,0,0,66796807,NA,NA,NA,NA,100,0.0393922146230826,0.0602114066846468,882,0.00427248434430914,0.00562802710445813,882,NA,NA,NA,NA
"3","GB","GBSCT",5463300,0.0342465753424658,0.07,0,0,146,0.0342465753424658,0.07,0,0,66796807,NA,NA,NA,NA,100,0.0393922146230826,0.0602114066846468,882,0.00427248434430914,0.00562802710445813,882,NA,NA,NA,NA
"4","GB","GBWLS",3152879,NA,NA,NA,NA,26,NA,NA,NA,NA,66796807,NA,NA,NA,NA,100,0.0393922146230826,0.0602114066846468,882,0.00427248434430914,0.00562802710445813,882,NA,NA,NA,NA
