"","countrycode","regioncode","population_region","p_w_regs_only","p_m_regs_only","recent_p_w_regs_only","recent_p_m_regs_only","sumreach_regs","p_w_regs","p_m_regs","recent_p_w_regs","recent_p_m_regs","population_country","p_w_country_only","p_m_country_only","recent_p_w_country_only","recent_p_m_country_only","sumreach_country","p_w_country_rhs","p_m_country_rhs","sumreach_country_rhs","recent_p_w_country_rhs","recent_p_m_country_rhs","recent_sumreach_country_rhs","p_w_country","p_m_country","recent_p_w_country","recent_p_m_country"
"1","GB","GBENG",56286961,0.0520833333333333,0.0645125541125541,0.0017825311942959,0.00434782608695652,576,0.0520833333333333,0.0645125541125541,0.0017825311942959,0.00434782608695652,66796807,NA,NA,NA,NA,100,0.0508311821527316,0.0637050008501003,772,0.00157647818052049,0.00384523590987823,772,NA,NA,NA,NA
"2","GB","GBNIR",1893667,0.01,0.01,0,0,100,0.01,0.01,0,0,66796807,NA,NA,NA,NA,100,0.0508311821527316,0.0637050008501003,772,0.00157647818052049,0.00384523590987823,772,NA,NA,NA,NA
"3","GB","GBSCT",5463300,0.0520833333333333,0.074,0,0,96,0.0520833333333333,0.074,0,0,66796807,NA,NA,NA,NA,100,0.0508311821527316,0.0637050008501003,772,0.00157647818052049,0.00384523590987823,772,NA,NA,NA,NA
"4","GB","GBWLS",3152879,NA,NA,NA,NA,26,NA,NA,NA,NA,66796807,NA,NA,NA,NA,100,0.0508311821527316,0.0637050008501003,772,0.00157647818052049,0.00384523590987823,772,NA,NA,NA,NA
