"","countrycode","regioncode","population_region","p_w_regs_only","p_m_regs_only","recent_p_w_regs_only","recent_p_m_regs_only","sumreach_regs","p_w_regs","p_m_regs","recent_p_w_regs","recent_p_m_regs","population_country","p_w_country_only","p_m_country_only","recent_p_w_country_only","recent_p_m_country_only","sumreach_country","p_w_country_rhs","p_m_country_rhs","sumreach_country_rhs","recent_p_w_country_rhs","recent_p_m_country_rhs","recent_sumreach_country_rhs","p_w_country","p_m_country","recent_p_w_country","recent_p_m_country"
"1","GB","GBENG",56286961,0.0451388888888889,0.0612626262626263,0.00362976406533575,0.0019047619047619,576,0.0451388888888889,0.0612626262626263,0.00362976406533575,0.0019047619047619,66796807,NA,NA,NA,NA,100,0.0482341278721662,0.0562691525839255,792,0.00305865501003296,0.00160506562907444,792,NA,NA,NA,NA
"2","GB","GBNIR",1893667,0.01,0.01,0,0,100,0.01,0.01,0,0,66796807,NA,NA,NA,NA,100,0.0482341278721662,0.0562691525839255,792,0.00305865501003296,0.00160506562907444,792,NA,NA,NA,NA
"3","GB","GBSCT",5463300,0.121212121212121,0.0533333333333333,0,0,66,0.121212121212121,0.0533333333333333,0,0,66796807,NA,NA,NA,NA,100,0.0482341278721662,0.0562691525839255,792,0.00305865501003296,0.00160506562907444,792,NA,NA,NA,NA
"4","GB","GBWLS",3152879,0,0,0,0,50,0,0,0,0,66796807,NA,NA,NA,NA,100,0.0482341278721662,0.0562691525839255,792,0.00305865501003296,0.00160506562907444,792,NA,NA,NA,NA
