"","countrycode","regioncode","population_region","p_w_regs_only","p_m_regs_only","recent_p_w_regs_only","recent_p_m_regs_only","sumreach_regs","p_w_regs","p_m_regs","recent_p_w_regs","recent_p_m_regs","population_country","p_w_country_only","p_m_country_only","recent_p_w_country_only","recent_p_m_country_only","sumreach_country","p_w_country_rhs","p_m_country_rhs","sumreach_country_rhs","recent_p_w_country_rhs","recent_p_m_country_rhs","recent_sumreach_country_rhs","p_w_country","p_m_country","recent_p_w_country","recent_p_m_country"
"1","GB","GBENG",56286961,0.0383973288814691,0.0587558817993601,0.00171232876712329,0.00476190476190476,599,0.0383973288814691,0.0587558817993601,0.00171232876712329,0.00476190476190476,66796807,NA,NA,NA,NA,100,0.0378330376348774,0.0582704087240057,795,0.00151439085491779,0.00421144885367615,795,NA,NA,NA,NA
"2","GB","GBNIR",1893667,0.01,0.01,0,0,100,0.01,0.01,0,0,66796807,NA,NA,NA,NA,100,0.0378330376348774,0.0582704087240057,795,0.00151439085491779,0.00421144885367615,795,NA,NA,NA,NA
"3","GB","GBSCT",5463300,0.0416666666666667,0.07,0,0,96,0.0416666666666667,0.07,0,0,66796807,NA,NA,NA,NA,100,0.0378330376348774,0.0582704087240057,795,0.00151439085491779,0.00421144885367615,795,NA,NA,NA,NA
"4","GB","GBWLS",3152879,NA,NA,NA,NA,26,NA,NA,NA,NA,66796807,NA,NA,NA,NA,100,0.0378330376348774,0.0582704087240057,795,0.00151439085491779,0.00421144885367615,795,NA,NA,NA,NA
