"","countrycode","regioncode","population_region","p_w_regs_only","p_m_regs_only","recent_p_w_regs_only","recent_p_m_regs_only","sumreach_regs","p_w_regs","p_m_regs","recent_p_w_regs","recent_p_m_regs","population_country","p_w_country_only","p_m_country_only","recent_p_w_country_only","recent_p_m_country_only","sumreach_country","p_w_country_rhs","p_m_country_rhs","sumreach_country_rhs","recent_p_w_country_rhs","recent_p_m_country_rhs","recent_sumreach_country_rhs","p_w_country","p_m_country","recent_p_w_country","recent_p_m_country"
"1","GB","GBENG",56286961,0.0439024390243902,0.0644236010902678,0.00503355704697987,0.00583333333333333,615,0.0439024390243902,0.0644236010902678,0.00503355704697987,0.00583333333333333,66796807,NA,NA,NA,NA,100,0.0508307249313114,0.0661443522475146,781,0.00445169929163754,0.00515902484575329,781,NA,NA,NA,NA
"2","GB","GBNIR",1893667,0.01,0.01,0,0,100,0.01,0.01,0,0,66796807,NA,NA,NA,NA,100,0.0508307249313114,0.0661443522475146,781,0.00445169929163754,0.00515902484575329,781,NA,NA,NA,NA
"3","GB","GBSCT",5463300,0.136363636363636,0.103333333333333,0,0,66,0.136363636363636,0.103333333333333,0,0,66796807,NA,NA,NA,NA,100,0.0508307249313114,0.0661443522475146,781,0.00445169929163754,0.00515902484575329,781,NA,NA,NA,NA
"4","GB","GBWLS",3152879,NA,NA,NA,NA,26,NA,NA,NA,NA,66796807,NA,NA,NA,NA,100,0.0508307249313114,0.0661443522475146,781,0.00445169929163754,0.00515902484575329,781,NA,NA,NA,NA
