"","countrycode","regioncode","population_region","p_w_regs_only","p_m_regs_only","recent_p_w_regs_only","recent_p_m_regs_only","sumreach_regs","p_w_regs","p_m_regs","recent_p_w_regs","recent_p_m_regs","population_country","p_w_country_only","p_m_country_only","recent_p_w_country_only","recent_p_m_country_only","sumreach_country","p_w_country_rhs","p_m_country_rhs","sumreach_country_rhs","recent_p_w_country_rhs","recent_p_m_country_rhs","recent_sumreach_country_rhs","p_w_country","p_m_country","recent_p_w_country","recent_p_m_country"
"1","GB","GBENG",56286961,0.0371681415929204,0.0532447855175128,0.00544464609800363,0.007,565,0.0371681415929204,0.0532447855175128,0.00544464609800363,0.007,66796807,NA,NA,NA,NA,100,0.0362349769396075,0.0523662718598639,721,0.00481526819930304,0.00619082981490395,721,NA,NA,NA,NA
"2","GB","GBNIR",1893667,0.01,0.01,0,0,100,0.01,0.01,0,0,66796807,NA,NA,NA,NA,100,0.0362349769396075,0.0523662718598639,721,0.00481526819930304,0.00619082981490395,721,NA,NA,NA,NA
"3","GB","GBSCT",5463300,0.0357142857142857,0.058,0,0,56,0.0357142857142857,0.058,0,0,66796807,NA,NA,NA,NA,100,0.0362349769396075,0.0523662718598639,721,0.00481526819930304,0.00619082981490395,721,NA,NA,NA,NA
"4","GB","GBWLS",3152879,NA,NA,NA,NA,26,NA,NA,NA,NA,66796807,NA,NA,NA,NA,100,0.0362349769396075,0.0523662718598639,721,0.00481526819930304,0.00619082981490395,721,NA,NA,NA,NA
