"","countrycode","regioncode","population_region","p_w_regs_only","p_m_regs_only","recent_p_w_regs_only","recent_p_m_regs_only","sumreach_regs","p_w_regs","p_m_regs","recent_p_w_regs","recent_p_m_regs","population_country","p_w_country_only","p_m_country_only","recent_p_w_country_only","recent_p_m_country_only","sumreach_country","p_w_country_rhs","p_m_country_rhs","sumreach_country_rhs","recent_p_w_country_rhs","recent_p_m_country_rhs","recent_sumreach_country_rhs","p_w_country","p_m_country","recent_p_w_country","recent_p_m_country"
"1","GB","GBENG",56286961,0.0409448818897638,0.062677569344236,0.0016,0.00384615384615385,635,0.0409448818897638,0.062677569344236,0.0016,0.00384615384615385,66796807,NA,NA,NA,NA,100,0.0485808513041298,0.0668177303772609,799,0.00141504681483519,0.00340155484335382,799,NA,NA,NA,NA
"2","GB","GBNIR",1893667,0.01,0.01,0,0,100,0.01,0.01,0,0,66796807,NA,NA,NA,NA,100,0.0485808513041298,0.0668177303772609,799,0.00141504681483519,0.00340155484335382,799,NA,NA,NA,NA
"3","GB","GBSCT",5463300,0.140625,0.129166666666667,0,0,64,0.140625,0.129166666666667,0,0,66796807,NA,NA,NA,NA,100,0.0485808513041298,0.0668177303772609,799,0.00141504681483519,0.00340155484335382,799,NA,NA,NA,NA
"4","GB","GBWLS",3152879,NA,NA,NA,NA,26,NA,NA,NA,NA,66796807,NA,NA,NA,NA,100,0.0485808513041298,0.0668177303772609,799,0.00141504681483519,0.00340155484335382,799,NA,NA,NA,NA
