"","countrycode","regioncode","population_region","p_w_regs_only","p_m_regs_only","recent_p_w_regs_only","recent_p_m_regs_only","sumreach_regs","n_obs_regs","p_w_regs","p_m_regs","recent_p_w_regs","recent_p_m_regs","population_country","p_w_country_only","recent_p_w_country_only","sumreach_country","n_obs_country","p_w_country_rhs","sumreach_country_rhs","recent_p_w_country_rhs","recent_sumreach_country_rhs","p_w_country","recent_p_w_country"
"1","GB","GBENG",56286961,0.0571120689655172,0.0691872697195278,0,0,1856,55,0.0571120689655172,0.0691872697195278,0,0,66796807,0.0170178282009724,NA,3702,48,0.0541545686075691,2236,0,2236,0.0310019561142682,0
"2","GB","GBNIR",1893667,NA,NA,NA,NA,0,0,NA,NA,NA,NA,66796807,0.0170178282009724,NA,3702,48,0.0541545686075691,2236,0,2236,0.0310019561142682,0
"3","GB","GBSCT",5463300,0.0236842105263158,0.0361111111111111,0,0,380,6,0.0236842105263158,0.0361111111111111,0,0,66796807,0.0170178282009724,NA,3702,48,0.0541545686075691,2236,0,2236,0.0310019561142682,0
"4","GB","GBWLS",3152879,NA,NA,NA,NA,0,0,NA,NA,NA,NA,66796807,0.0170178282009724,NA,3702,48,0.0541545686075691,2236,0,2236,0.0310019561142682,0
