"","countrycode","regioncode","population_region","p_w_regs_only","p_m_regs_only","recent_p_w_regs_only","recent_p_m_regs_only","sumreach_regs","n_obs_regs","p_w_regs","p_m_regs","recent_p_w_regs","recent_p_m_regs","population_country","p_w_country_only","recent_p_w_country_only","sumreach_country","n_obs_country","p_w_country_rhs","sumreach_country_rhs","recent_p_w_country_rhs","recent_sumreach_country_rhs","p_w_country","recent_p_w_country"
"1","GB","GBENG",56286961,0.0575380914194066,0.0677019099644548,0.000861326442721792,0.00125,4988,162,0.0575380914194066,0.0677019099644548,0.000861326442721792,0.00125,66796807,0.0806174957118353,0.01,583,15,0.062134010036845,6101,0.000725804871028494,6101,0.0637461991673835,0.00153473002964465
"2","GB","GBNIR",1893667,0.0109090909090909,0.008,0,0,275,5,0.0109090909090909,0.008,0,0,66796807,0.0806174957118353,0.01,583,15,0.062134010036845,6101,0.000725804871028494,6101,0.0637461991673835,0.00153473002964465
"3","GB","GBSCT",5463300,0.0476772616136919,0.0749063755937157,0,0,818,23,0.0476772616136919,0.0749063755937157,0,0,66796807,0.0806174957118353,0.01,583,15,0.062134010036845,6101,0.000725804871028494,6101,0.0637461991673835,0.00153473002964465
"4","GB","GBWLS",3152879,0.2,0.153846153846154,0,0,20,2,0.2,0.153846153846154,0,0,66796807,0.0806174957118353,0.01,583,15,0.062134010036845,6101,0.000725804871028494,6101,0.0637461991673835,0.00153473002964465
