"","countrycode","regioncode","population_region","p_w_regs_only","p_m_regs_only","recent_p_w_regs_only","recent_p_m_regs_only","sumreach_regs","n_obs_regs","p_w_regs","p_m_regs","recent_p_w_regs","recent_p_m_regs","population_country","p_w_country_only","recent_p_w_country_only","sumreach_country","n_obs_country","p_w_country_rhs","sumreach_country_rhs","recent_p_w_country_rhs","recent_sumreach_country_rhs","p_w_country","recent_p_w_country"
"1","GB","GBENG",56286961,0.0581320795041676,0.0665692351451723,0.000684775165487332,0.00100719424460432,4679,155,0.0581320795041676,0.0665692351451723,0.000684775165487332,0.00100719424460432,66796807,0.0529411764705882,0.00588235294117647,170,4,0.0560459397865512,5689,0.000577032267927926,5689,0.055955854488085,0.000730967156894004
"2","GB","GBNIR",1893667,0.0109090909090909,0.008,0,0,275,5,0.0109090909090909,0.008,0,0,66796807,0.0529411764705882,0.00588235294117647,170,4,0.0560459397865512,5689,0.000577032267927926,5689,0.055955854488085,0.000730967156894004
"3","GB","GBSCT",5463300,0.0553846153846154,0.0727324625502375,0,0,650,23,0.0553846153846154,0.0727324625502375,0,0,66796807,0.0529411764705882,0.00588235294117647,170,4,0.0560459397865512,5689,0.000577032267927926,5689,0.055955854488085,0.000730967156894004
"4","GB","GBWLS",3152879,0.0470588235294118,0.0615384615384615,0,0,85,5,0.0470588235294118,0.0615384615384615,0,0,66796807,0.0529411764705882,0.00588235294117647,170,4,0.0560459397865512,5689,0.000577032267927926,5689,0.055955854488085,0.000730967156894004
