"","countrycode","regioncode","population_region","p_w_regs_only","p_m_regs_only","recent_p_w_regs_only","recent_p_m_regs_only","sumreach_regs","n_obs_regs","p_w_regs","p_m_regs","recent_p_w_regs","recent_p_m_regs","population_country","p_w_country_only","recent_p_w_country_only","sumreach_country","n_obs_country","p_w_country_rhs","sumreach_country_rhs","recent_p_w_country_rhs","recent_sumreach_country_rhs","p_w_country","recent_p_w_country"
"1","GB","GBENG",56286961,0.0610751477624543,0.0674031404073046,0.000886524822695035,0.00126126126126126,3553,123,0.0610751477624543,0.0674031404073046,0.000886524822695035,0.00126126126126126,66796807,0.05,0,120,2,0.0569038690790505,4301,0.000747038524170285,4301,0.0567164761160362,0.000726761522835647
"2","GB","GBNIR",1893667,0.01,0.01,0,0,200,2,0.01,0.01,0,0,66796807,0.05,0,120,2,0.0569038690790505,4301,0.000747038524170285,4301,0.0567164761160362,0.000726761522835647
"3","GB","GBSCT",5463300,0.0630252100840336,0.0601999484004128,0,0,476,19,0.0630252100840336,0.0601999484004128,0,0,66796807,0.05,0,120,2,0.0569038690790505,4301,0.000747038524170285,4301,0.0567164761160362,0.000726761522835647
"4","GB","GBWLS",3152879,0,0,0,0,72,4,0,0,0,0,66796807,0.05,0,120,2,0.0569038690790505,4301,0.000747038524170285,4301,0.0567164761160362,0.000726761522835647
