"","countrycode","regioncode","population_region","p_w_regs_only","p_m_regs_only","recent_p_w_regs_only","recent_p_m_regs_only","sumreach_regs","n_obs_regs","p_w_regs","p_m_regs","recent_p_w_regs","recent_p_m_regs","population_country","p_w_country_only","recent_p_w_country_only","sumreach_country","n_obs_country","p_w_country_rhs","sumreach_country_rhs","recent_p_w_country_rhs","recent_sumreach_country_rhs","p_w_country","recent_p_w_country"
"1","GB","GBENG",56286961,0.0823170731707317,0.064280303030303,0.00353356890459364,0.00181818181818182,328,12,0.0823170731707317,0.064280303030303,0.00353356890459364,0.00181818181818182,66796807,NA,NA,0,0,0.0713891174940861,353,0.00306447199817566,353,0.0713891174940861,0.00306447199817566
"2","GB","GBNIR",1893667,NA,NA,NA,NA,0,0,NA,NA,NA,NA,66796807,NA,NA,0,0,0.0713891174940861,353,0.00306447199817566,353,0.0713891174940861,0.00306447199817566
"3","GB","GBSCT",5463300,0,0,0,0,18,4,0,0,0,0,66796807,NA,NA,0,0,0.0713891174940861,353,0.00306447199817566,353,0.0713891174940861,0.00306447199817566
"4","GB","GBWLS",3152879,0,0,0,0,7,1,0,0,0,0,66796807,NA,NA,0,0,0.0713891174940861,353,0.00306447199817566,353,0.0713891174940861,0.00306447199817566
