"","countrycode","regioncode","population_region","p_w_regs_only","p_m_regs_only","recent_p_w_regs_only","recent_p_m_regs_only","sumreach_regs","n_obs_regs","p_w_regs","p_m_regs","recent_p_w_regs","recent_p_m_regs","population_country","p_w_country_only","recent_p_w_country_only","sumreach_country","n_obs_country","p_w_country_rhs","sumreach_country_rhs","recent_p_w_country_rhs","recent_sumreach_country_rhs","p_w_country","recent_p_w_country"
"1","GB","GBENG",56286961,0.0585034013605442,0.0695769949926734,0,0,4410,136,0.0585034013605442,0.0695769949926734,0,0,66796807,0.0153340635268346,0.02,3652,49,0.0674253824239346,5421,0,5421,0.0464579519585748,0.00805025901025019
"2","GB","GBNIR",1893667,0.0114285714285714,0.0075,0,0,175,4,0.0114285714285714,0.0075,0,0,66796807,0.0153340635268346,0.02,3652,49,0.0674253824239346,5421,0,5421,0.0464579519585748,0.00805025901025019
"3","GB","GBSCT",5463300,0.040097205346294,0.0661147353678313,0,0,823,19,0.040097205346294,0.0661147353678313,0,0,66796807,0.0153340635268346,0.02,3652,49,0.0674253824239346,5421,0,5421,0.0464579519585748,0.00805025901025019
"4","GB","GBWLS",3152879,0.307692307692308,0.307692307692308,0,0,13,1,0.307692307692308,0.307692307692308,0,0,66796807,0.0153340635268346,0.02,3652,49,0.0674253824239346,5421,0,5421,0.0464579519585748,0.00805025901025019
