"","countrycode","regioncode","population_region","p_w_regs_only","p_m_regs_only","recent_p_w_regs_only","recent_p_m_regs_only","sumreach_regs","n_obs_regs","p_w_regs","p_m_regs","recent_p_w_regs","recent_p_m_regs","population_country","p_w_country_only","recent_p_w_country_only","sumreach_country","n_obs_country","p_w_country_rhs","sumreach_country_rhs","recent_p_w_country_rhs","recent_sumreach_country_rhs","p_w_country","recent_p_w_country"
"1","GB","GBENG",56286961,0.0673575129533679,0.0947229437229437,0.00518134715025907,0.0133333333333333,193,5,0.0673575129533679,0.0947229437229437,0.00518134715025907,0.0133333333333333,66796807,NA,NA,0,0,0.0613981162713339,202,0.00472293202087184,202,0.0613981162713339,0.00472293202087184
"2","GB","GBNIR",1893667,NA,NA,NA,NA,0,0,NA,NA,NA,NA,66796807,NA,NA,0,0,0.0613981162713339,202,0.00472293202087184,202,0.0613981162713339,0.00472293202087184
"3","GB","GBSCT",5463300,0,0,0,0,9,1,0,0,0,0,66796807,NA,NA,0,0,0.0613981162713339,202,0.00472293202087184,202,0.0613981162713339,0.00472293202087184
"4","GB","GBWLS",3152879,NA,NA,NA,NA,0,0,NA,NA,NA,NA,66796807,NA,NA,0,0,0.0613981162713339,202,0.00472293202087184,202,0.0613981162713339,0.00472293202087184
