"","countrycode","regioncode","population_region","p_w_regs_only","p_m_regs_only","recent_p_w_regs_only","recent_p_m_regs_only","sumreach_regs","n_obs_regs","p_w_regs","p_m_regs","recent_p_w_regs","recent_p_m_regs","population_country","p_w_country_only","recent_p_w_country_only","sumreach_country","n_obs_country","p_w_country_rhs","sumreach_country_rhs","recent_p_w_country_rhs","recent_sumreach_country_rhs","p_w_country","recent_p_w_country"
"1","GB","GBENG",56286961,0.0669291338582677,0.0682049062049062,0.00613496932515337,0.00518518518518519,508,30,0.0669291338582677,0.0682049062049062,0.00613496932515337,0.00518518518518519,66796807,0.0236895161290323,0.01,1984,30,0.067860775969691,1927,0.00516968990959559,1927,0.0454532639462016,0.00762004409506282
"2","GB","GBNIR",1893667,0.0109090909090909,0.008,0,0,275,5,0.0109090909090909,0.008,0,0,66796807,0.0236895161290323,0.01,1984,30,0.067860775969691,1927,0.00516968990959559,1927,0.0454532639462016,0.00762004409506282
"3","GB","GBSCT",5463300,0.0401785714285714,0.0614282212885154,0,0,1120,30,0.0401785714285714,0.0614282212885154,0,0,66796807,0.0236895161290323,0.01,1984,30,0.067860775969691,1927,0.00516968990959559,1927,0.0454532639462016,0.00762004409506282
"4","GB","GBWLS",3152879,0.166666666666667,0.102564102564103,0,0,24,3,0.166666666666667,0.102564102564103,0,0,66796807,0.0236895161290323,0.01,1984,30,0.067860775969691,1927,0.00516968990959559,1927,0.0454532639462016,0.00762004409506282
