"","countrycode","regioncode","population_region","p_w_regs_only","p_m_regs_only","recent_p_w_regs_only","recent_p_m_regs_only","sumreach_regs","n_obs_regs","p_w_regs","p_m_regs","recent_p_w_regs","recent_p_m_regs","population_country","p_w_country_only","recent_p_w_country_only","sumreach_country","n_obs_country","p_w_country_rhs","sumreach_country_rhs","recent_p_w_country_rhs","recent_sumreach_country_rhs","p_w_country","recent_p_w_country"
"1","GB","GBENG",56286961,0.0565927654609102,0.0662923118030407,0.000654164849542085,0.000985915492957746,5142,165,0.0565927654609102,0.0662923118030407,0.000654164849542085,0.000985915492957746,66796807,0.0529411764705882,0.00588235294117647,170,4,0.0549481630106932,6145,0.000551238195768043,6145,0.0548941348694711,0.000694751973554176
"2","GB","GBNIR",1893667,0.0109090909090909,0.008,0,0,275,5,0.0109090909090909,0.008,0,0,66796807,0.0529411764705882,0.00588235294117647,170,4,0.0549481630106932,6145,0.000551238195768043,6145,0.0548941348694711,0.000694751973554176
"3","GB","GBSCT",5463300,0.0553846153846154,0.0727324625502375,0,0,650,23,0.0553846153846154,0.0727324625502375,0,0,66796807,0.0529411764705882,0.00588235294117647,170,4,0.0549481630106932,6145,0.000551238195768043,6145,0.0548941348694711,0.000694751973554176
"4","GB","GBWLS",3152879,0.0512820512820513,0.0769230769230769,0,0,78,4,0.0512820512820513,0.0769230769230769,0,0,66796807,0.0529411764705882,0.00588235294117647,170,4,0.0549481630106932,6145,0.000551238195768043,6145,0.0548941348694711,0.000694751973554176
