"","countrycode","regioncode","population_region","p_w_regs_only","p_m_regs_only","recent_p_w_regs_only","recent_p_m_regs_only","sumreach_regs","n_obs_regs","p_w_regs","p_m_regs","recent_p_w_regs","recent_p_m_regs","population_country","p_w_country_only","recent_p_w_country_only","sumreach_country","n_obs_country","p_w_country_rhs","sumreach_country_rhs","recent_p_w_country_rhs","recent_sumreach_country_rhs","p_w_country","recent_p_w_country"
"1","GB","GBENG",56286961,0.0605263157894737,0.074583949281101,0,0,3040,94,0.0605263157894737,0.074583949281101,0,0,66796807,0.0153340635268346,0.02,3652,49,0.0646839144108808,3808,0,3808,0.040524979366841,0.00979088471849866
"2","GB","GBNIR",1893667,0.0114285714285714,0.0075,0,0,175,4,0.0114285714285714,0.0075,0,0,66796807,0.0153340635268346,0.02,3652,49,0.0646839144108808,3808,0,3808,0.040524979366841,0.00979088471849866
"3","GB","GBSCT",5463300,0.0418118466898955,0.0766292286145227,0,0,574,13,0.0418118466898955,0.0766292286145227,0,0,66796807,0.0153340635268346,0.02,3652,49,0.0646839144108808,3808,0,3808,0.040524979366841,0.00979088471849866
"4","GB","GBWLS",3152879,0.210526315789474,0.153846153846154,0,0,19,2,0.210526315789474,0.153846153846154,0,0,66796807,0.0153340635268346,0.02,3652,49,0.0646839144108808,3808,0,3808,0.040524979366841,0.00979088471849866
