"","countrycode","regioncode","population_region","p_w_regs_only","p_m_regs_only","recent_p_w_regs_only","recent_p_m_regs_only","sumreach_regs","n_obs_regs","p_w_regs","p_m_regs","recent_p_w_regs","recent_p_m_regs","population_country","p_w_country_only","recent_p_w_country_only","sumreach_country","n_obs_country","p_w_country_rhs","sumreach_country_rhs","recent_p_w_country_rhs","recent_sumreach_country_rhs","p_w_country","recent_p_w_country"
"1","GB","GBENG",56286961,0.126760563380282,0.126136363636364,0.0140845070422535,0.00909090909090909,71,2,0.126760563380282,0.126136363636364,0.0140845070422535,0.00909090909090909,66796807,NA,NA,0,0,0.126760563380282,71,0.0140845070422535,71,0.126760563380282,0.0140845070422535
"2","GB","GBNIR",1893667,NA,NA,NA,NA,0,0,NA,NA,NA,NA,66796807,NA,NA,0,0,0.126760563380282,71,0.0140845070422535,71,0.126760563380282,0.0140845070422535
"3","GB","GBSCT",5463300,NA,NA,NA,NA,0,0,NA,NA,NA,NA,66796807,NA,NA,0,0,0.126760563380282,71,0.0140845070422535,71,0.126760563380282,0.0140845070422535
"4","GB","GBWLS",3152879,NA,NA,NA,NA,0,0,NA,NA,NA,NA,66796807,NA,NA,0,0,0.126760563380282,71,0.0140845070422535,71,0.126760563380282,0.0140845070422535
