"","countrycode","regioncode","population_region","p_w_regs_only","p_m_regs_only","recent_p_w_regs_only","recent_p_m_regs_only","sumreach_regs","n_obs_regs","p_w_regs","p_m_regs","recent_p_w_regs","recent_p_m_regs","population_country","p_w_country_only","recent_p_w_country_only","sumreach_country","n_obs_country","p_w_country_rhs","sumreach_country_rhs","recent_p_w_country_rhs","recent_sumreach_country_rhs","p_w_country","recent_p_w_country"
"1","GB","GBENG",56286961,0.0560146923783287,0.059105999860573,0.000968366688185926,0.0014,3267,112,0.0560146923783287,0.059105999860573,0.000968366688185926,0.0014,66796807,0.05,0,120,2,0.051873529796908,3849,0.000816003345962636,3849,0.0518168849050892,0.000791332042985685
"2","GB","GBNIR",1893667,0.01,0.01,0,0,100,1,0.01,0.01,0,0,66796807,0.05,0,120,2,0.051873529796908,3849,0.000816003345962636,3849,0.0518168849050892,0.000791332042985685
"3","GB","GBSCT",5463300,0.0536585365853659,0.0533333333333333,0,0,410,17,0.0536585365853659,0.0533333333333333,0,0,66796807,0.05,0,120,2,0.051873529796908,3849,0.000816003345962636,3849,0.0518168849050892,0.000791332042985685
"4","GB","GBWLS",3152879,0,0,0,0,72,4,0,0,0,0,66796807,0.05,0,120,2,0.051873529796908,3849,0.000816003345962636,3849,0.0518168849050892,0.000791332042985685
