"","countrycode","regioncode","population_region","p_w_regs_only","p_m_regs_only","recent_p_w_regs_only","recent_p_m_regs_only","sumreach_regs","n_obs_regs","p_w_regs","p_m_regs","recent_p_w_regs","recent_p_m_regs","population_country","p_w_country_only","recent_p_w_country_only","sumreach_country","n_obs_country","p_w_country_rhs","sumreach_country_rhs","recent_p_w_country_rhs","recent_sumreach_country_rhs","p_w_country","recent_p_w_country"
"1","GB","GBENG",56286961,0.0569958063286313,0.0671996003413609,0.000773594636410521,0.00115702479338843,5246,166,0.0569958063286313,0.0671996003413609,0.000773594636410521,0.00115702479338843,66796807,0.0750853242320819,0.00588235294117647,293,8,0.0546526446819384,6418,0.000651876834912905,6418,0.0555447285901774,0.000880237660294402
"2","GB","GBNIR",1893667,0.0109090909090909,0.008,0,0,275,5,0.0109090909090909,0.008,0,0,66796807,0.0750853242320819,0.00588235294117647,293,8,0.0546526446819384,6418,0.000651876834912905,6418,0.0555447285901774,0.000880237660294402
"3","GB","GBSCT",5463300,0.0476190476190476,0.0749063755937157,0,0,819,23,0.0476190476190476,0.0749063755937157,0,0,66796807,0.0750853242320819,0.00588235294117647,293,8,0.0546526446819384,6418,0.000651876834912905,6418,0.0555447285901774,0.000880237660294402
"4","GB","GBWLS",3152879,0.0512820512820513,0.0769230769230769,0,0,78,4,0.0512820512820513,0.0769230769230769,0,0,66796807,0.0750853242320819,0.00588235294117647,293,8,0.0546526446819384,6418,0.000651876834912905,6418,0.0555447285901774,0.000880237660294402
