"","countrycode","regioncode","population_region","p_w_regs_only","p_m_regs_only","recent_p_w_regs_only","recent_p_m_regs_only","sumreach_regs","n_obs_regs","p_w_regs","p_m_regs","recent_p_w_regs","recent_p_m_regs","population_country","p_w_country_only","recent_p_w_country_only","sumreach_country","n_obs_country","p_w_country_rhs","sumreach_country_rhs","recent_p_w_country_rhs","recent_sumreach_country_rhs","p_w_country","recent_p_w_country"
"1","GB","GBENG",56286961,0.0645161290322581,0.0826893939393939,0.00537634408602151,0.0166666666666667,186,4,0.0645161290322581,0.0826893939393939,0.00537634408602151,0.0166666666666667,66796807,NA,NA,0,0,0.0645161290322581,186,0.00537634408602151,186,0.0645161290322581,0.00537634408602151
"2","GB","GBNIR",1893667,NA,NA,NA,NA,0,0,NA,NA,NA,NA,66796807,NA,NA,0,0,0.0645161290322581,186,0.00537634408602151,186,0.0645161290322581,0.00537634408602151
"3","GB","GBSCT",5463300,NA,NA,NA,NA,0,0,NA,NA,NA,NA,66796807,NA,NA,0,0,0.0645161290322581,186,0.00537634408602151,186,0.0645161290322581,0.00537634408602151
"4","GB","GBWLS",3152879,NA,NA,NA,NA,0,0,NA,NA,NA,NA,66796807,NA,NA,0,0,0.0645161290322581,186,0.00537634408602151,186,0.0645161290322581,0.00537634408602151
