"","countrycode","regioncode","population_region","p_w_regs_only","p_m_regs_only","recent_p_w_regs_only","recent_p_m_regs_only","sumreach_regs","n_obs_regs","p_w_regs","p_m_regs","recent_p_w_regs","recent_p_m_regs","population_country","p_w_country_only","recent_p_w_country_only","sumreach_country","n_obs_country","p_w_country_rhs","sumreach_country_rhs","recent_p_w_country_rhs","recent_sumreach_country_rhs","p_w_country","recent_p_w_country"
"1","GB","GBENG",56286961,0.0446998722860792,0.0560937950937951,0.00392670157068063,0.00518518518518519,783,30,0.0446998722860792,0.0560937950937951,0.00392670157068063,0.00518518518518519,66796807,0.0236895161290323,0.01,1984,30,0.0519318971305887,2129,0.00330887220653435,2129,0.0383085361028503,0.00653649135125496
"2","GB","GBNIR",1893667,0.0114285714285714,0.0075,0,0,175,4,0.0114285714285714,0.0075,0,0,66796807,0.0236895161290323,0.01,1984,30,0.0519318971305887,2129,0.00330887220653435,2129,0.0383085361028503,0.00653649135125496
"3","GB","GBSCT",5463300,0.0346620450606586,0.0542059990662932,0,0,1154,30,0.0346620450606586,0.0542059990662932,0,0,66796807,0.0236895161290323,0.01,1984,30,0.0519318971305887,2129,0.00330887220653435,2129,0.0383085361028503,0.00653649135125496
"4","GB","GBWLS",3152879,0.235294117647059,0.153846153846154,0,0,17,2,0.235294117647059,0.153846153846154,0,0,66796807,0.0236895161290323,0.01,1984,30,0.0519318971305887,2129,0.00330887220653435,2129,0.0383085361028503,0.00653649135125496
