"","countrycode","regioncode","population_region","p_w_regs_only","p_m_regs_only","recent_p_w_regs_only","recent_p_m_regs_only","sumreach_regs","n_obs_regs","p_w_regs","p_m_regs","recent_p_w_regs","recent_p_m_regs","population_country","p_w_country_only","recent_p_w_country_only","sumreach_country","n_obs_country","p_w_country_rhs","sumreach_country_rhs","recent_p_w_country_rhs","recent_sumreach_country_rhs","p_w_country","recent_p_w_country"
"1","GB","GBENG",56286961,0.0579150579150579,0.0563903120540081,0,0,1554,52,0.0579150579150579,0.0563903120540081,0,0,66796807,0.0428571428571429,0,70,1,0.0514917512493562,1828,0,1828,0.051173298885049,0
"2","GB","GBNIR",1893667,0.01,0.01,0,0,100,1,0.01,0.01,0,0,66796807,0.0428571428571429,0,70,1,0.0514917512493562,1828,0,1828,0.051173298885049,0
"3","GB","GBSCT",5463300,0.0294117647058824,0.01125,0,0,102,8,0.0294117647058824,0.01125,0,0,66796807,0.0428571428571429,0,70,1,0.0514917512493562,1828,0,1828,0.051173298885049,0
"4","GB","GBWLS",3152879,0,0,0,0,72,4,0,0,0,0,66796807,0.0428571428571429,0,70,1,0.0514917512493562,1828,0,1828,0.051173298885049,0
