"","countrycode","regioncode","population_region","p_w_regs_only","p_m_regs_only","recent_p_w_regs_only","recent_p_m_regs_only","sumreach_regs","n_obs_regs","p_w_regs","p_m_regs","recent_p_w_regs","recent_p_m_regs","population_country","p_w_country_only","recent_p_w_country_only","sumreach_country","n_obs_country","p_w_country_rhs","sumreach_country_rhs","recent_p_w_country_rhs","recent_sumreach_country_rhs","p_w_country","recent_p_w_country"
"1","GB","GBENG",56286961,0.0581214322781526,0.0670180485101807,0.000670990829791993,0.001,5781,185,0.0581214322781526,0.0670180485101807,0.000670990829791993,0.001,66796807,0.0529411764705882,0.00588235294117647,170,4,0.0554241297507676,7014,0.000565416767119715,7014,0.0553653738964204,0.000691235134267494
"2","GB","GBNIR",1893667,0.0109090909090909,0.008,0,0,275,5,0.0109090909090909,0.008,0,0,66796807,0.0529411764705882,0.00588235294117647,170,4,0.0554241297507676,7014,0.000565416767119715,7014,0.0553653738964204,0.000691235134267494
"3","GB","GBSCT",5463300,0.0454545454545455,0.0658787168713639,0,0,880,26,0.0454545454545455,0.0658787168713639,0,0,66796807,0.0529411764705882,0.00588235294117647,170,4,0.0554241297507676,7014,0.000565416767119715,7014,0.0553653738964204,0.000691235134267494
"4","GB","GBWLS",3152879,0.0512820512820513,0.0769230769230769,0,0,78,4,0.0512820512820513,0.0769230769230769,0,0,66796807,0.0529411764705882,0.00588235294117647,170,4,0.0554241297507676,7014,0.000565416767119715,7014,0.0553653738964204,0.000691235134267494
