"","countrycode","regioncode","population_region","p_w_regs_only","p_m_regs_only","recent_p_w_regs_only","recent_p_m_regs_only","sumreach_regs","n_obs_regs","p_w_regs","p_m_regs","recent_p_w_regs","recent_p_m_regs","population_country","p_w_country_only","recent_p_w_country_only","sumreach_country","n_obs_country","p_w_country_rhs","sumreach_country_rhs","recent_p_w_country_rhs","recent_sumreach_country_rhs","p_w_country","recent_p_w_country"
"1","GB","GBENG",56286961,0.0578609000584454,0.0678971564430848,0.00077962577962578,0.00116666666666667,5133,164,0.0578609000584454,0.0678971564430848,0.00077962577962578,0.00116666666666667,66796807,0.0692640692640693,0.00588235294117647,231,6,0.0553721362631563,6307,0.000656959034769294,6307,0.0558629647310687,0.000841582159942139
"2","GB","GBNIR",1893667,0.0109090909090909,0.008,0,0,275,5,0.0109090909090909,0.008,0,0,66796807,0.0692640692640693,0.00588235294117647,231,6,0.0553721362631563,6307,0.000656959034769294,6307,0.0558629647310687,0.000841582159942139
"3","GB","GBSCT",5463300,0.0475030450669915,0.0717852766106443,0,0,821,24,0.0475030450669915,0.0717852766106443,0,0,66796807,0.0692640692640693,0.00588235294117647,231,6,0.0553721362631563,6307,0.000656959034769294,6307,0.0558629647310687,0.000841582159942139
"4","GB","GBWLS",3152879,0.0512820512820513,0.0769230769230769,0,0,78,4,0.0512820512820513,0.0769230769230769,0,0,66796807,0.0692640692640693,0.00588235294117647,231,6,0.0553721362631563,6307,0.000656959034769294,6307,0.0558629647310687,0.000841582159942139
