"","countrycode","regioncode","population_region","p_w_regs_only","p_m_regs_only","recent_p_w_regs_only","recent_p_m_regs_only","sumreach_regs","n_obs_regs","p_w_regs","p_m_regs","recent_p_w_regs","recent_p_m_regs","population_country","p_w_country_only","recent_p_w_country_only","sumreach_country","n_obs_country","p_w_country_rhs","sumreach_country_rhs","recent_p_w_country_rhs","recent_sumreach_country_rhs","p_w_country","recent_p_w_country"
"1","GB","GBENG",56286961,0.050314465408805,0.0509336228287841,NA,NA,954,26,0.050314465408805,0.0509336228287841,NA,NA,66796807,0.0230191422340683,NA,4127,58,0.0455055798358589,1318,0,0,0.0284621403532896,0
"2","GB","GBNIR",1893667,NA,NA,NA,NA,0,0,NA,NA,NA,NA,66796807,0.0230191422340683,NA,4127,58,0.0455055798358589,1318,0,0,0.0284621403532896,0
"3","GB","GBSCT",5463300,0.0222222222222222,0.022,NA,NA,360,10,0.0222222222222222,0.022,NA,NA,66796807,0.0230191422340683,NA,4127,58,0.0455055798358589,1318,0,0,0.0284621403532896,0
"4","GB","GBWLS",3152879,0,0,NA,NA,4,1,0,0,NA,NA,66796807,0.0230191422340683,NA,4127,58,0.0455055798358589,1318,0,0,0.0284621403532896,0
