"","countrycode","regioncode","population_region","p_w_regs_only","p_m_regs_only","recent_p_w_regs_only","recent_p_m_regs_only","sumreach_regs","n_obs_regs","p_w_regs","p_m_regs","recent_p_w_regs","recent_p_m_regs","population_country","p_w_country_only","recent_p_w_country_only","sumreach_country","n_obs_country","p_w_country_rhs","sumreach_country_rhs","recent_p_w_country_rhs","recent_sumreach_country_rhs","p_w_country","recent_p_w_country"
"1","GB","GBENG",56286961,0.0557209698000851,0.0638936842727165,0,0,2351,70,0.0557209698000851,0.0638936842727165,0,0,66796807,0.017590618336887,0.02,3752,50,0.0608360849859867,2812,0,2812,0.0361168602956421,0.0114320536258379
"2","GB","GBNIR",1893667,NA,NA,NA,NA,0,0,NA,NA,NA,NA,66796807,0.017590618336887,0.02,3752,50,0.0608360849859867,2812,0,2812,0.0361168602956421,0.0114320536258379
"3","GB","GBSCT",5463300,0.0271493212669683,0.0602645502645503,0,0,442,9,0.0271493212669683,0.0602645502645503,0,0,66796807,0.017590618336887,0.02,3752,50,0.0608360849859867,2812,0,2812,0.0361168602956421,0.0114320536258379
"4","GB","GBWLS",3152879,0.210526315789474,0.153846153846154,0,0,19,2,0.210526315789474,0.153846153846154,0,0,66796807,0.017590618336887,0.02,3752,50,0.0608360849859867,2812,0,2812,0.0361168602956421,0.0114320536258379
