"","countrycode","regioncode","population_region","p_w_regs_only","p_m_regs_only","recent_p_w_regs_only","recent_p_m_regs_only","sumreach_regs","n_obs_regs","p_w_regs","p_m_regs","recent_p_w_regs","recent_p_m_regs","population_country","p_w_country_only","recent_p_w_country_only","sumreach_country","n_obs_country","p_w_country_rhs","sumreach_country_rhs","recent_p_w_country_rhs","recent_sumreach_country_rhs","p_w_country","recent_p_w_country"
"1","GB","GBENG",56286961,0.0596175478065242,0.0644427901847257,0,0,889,30,0.0596175478065242,0.0644427901847257,0,0,66796807,0.0216322517207473,0.02,2034,30,0.0604039029834699,1664,0,1664,0.0390784463397766,0.0110005408328826
"2","GB","GBNIR",1893667,0,0,0,0,0,0,0,0,0,0,66796807,0.0216322517207473,0.02,2034,30,0.0604039029834699,1664,0,1664,0.0390784463397766,0.0110005408328826
"3","GB","GBSCT",5463300,0.023936170212766,0.0389635854341737,0,0,752,17,0.023936170212766,0.0389635854341737,0,0,66796807,0.0216322517207473,0.02,2034,30,0.0604039029834699,1664,0,1664,0.0390784463397766,0.0110005408328826
"4","GB","GBWLS",3152879,0.173913043478261,0.102564102564103,0,0,23,3,0.173913043478261,0.102564102564103,0,0,66796807,0.0216322517207473,0.02,2034,30,0.0604039029834699,1664,0,1664,0.0390784463397766,0.0110005408328826
