"","countrycode","regioncode","population_region","p_w_regs_only","p_m_regs_only","recent_p_w_regs_only","recent_p_m_regs_only","sumreach_regs","n_obs_regs","p_w_regs","p_m_regs","recent_p_w_regs","recent_p_m_regs","population_country","p_w_country_only","recent_p_w_country_only","sumreach_country","n_obs_country","p_w_country_rhs","sumreach_country_rhs","recent_p_w_country_rhs","recent_sumreach_country_rhs","p_w_country","recent_p_w_country"
"1","GB","GBENG",56286961,0.0787172011661808,0.0593356643356643,0.00335570469798658,0.00165289256198347,343,13,0.0787172011661808,0.0593356643356643,0.00335570469798658,0.00165289256198347,66796807,NA,NA,0,0,0.0682671444258316,368,0.00291022005195877,368,0.0682671444258316,0.00291022005195877
"2","GB","GBNIR",1893667,NA,NA,NA,NA,0,0,NA,NA,NA,NA,66796807,NA,NA,0,0,0.0682671444258316,368,0.00291022005195877,368,0.0682671444258316,0.00291022005195877
"3","GB","GBSCT",5463300,0,0,0,0,18,4,0,0,0,0,66796807,NA,NA,0,0,0.0682671444258316,368,0.00291022005195877,368,0.0682671444258316,0.00291022005195877
"4","GB","GBWLS",3152879,0,0,0,0,7,1,0,0,0,0,66796807,NA,NA,0,0,0.0682671444258316,368,0.00291022005195877,368,0.0682671444258316,0.00291022005195877
