"","countrycode","regioncode","population_region","p_w_regs_only","p_m_regs_only","recent_p_w_regs_only","recent_p_m_regs_only","sumreach_regs","n_obs_regs","p_w_regs","p_m_regs","recent_p_w_regs","recent_p_m_regs","population_country","p_w_country_only","recent_p_w_country_only","sumreach_country","n_obs_country","p_w_country_rhs","sumreach_country_rhs","recent_p_w_country_rhs","recent_sumreach_country_rhs","p_w_country","recent_p_w_country"
"1","GB","GBENG",56286961,0.0563277249451353,0.0664940577249576,0,0,1367,38,0.0563277249451353,0.0664940577249576,0,0,66796807,0.0209514419521814,NA,4057,54,0.0500475991647606,1863,0,1367,0.030107884669586,0
"2","GB","GBNIR",1893667,NA,NA,NA,NA,0,0,NA,NA,NA,NA,66796807,0.0209514419521814,NA,4057,54,0.0500475991647606,1863,0,1367,0.030107884669586,0
"3","GB","GBSCT",5463300,0.0142276422764228,0.0177777777777778,NA,NA,492,9,0.0142276422764228,0.0177777777777778,NA,NA,66796807,0.0209514419521814,NA,4057,54,0.0500475991647606,1863,0,1367,0.030107884669586,0
"4","GB","GBWLS",3152879,0,0,NA,NA,4,1,0,0,NA,NA,66796807,0.0209514419521814,NA,4057,54,0.0500475991647606,1863,0,1367,0.030107884669586,0
