"","countrycode","regioncode","population_region","p_w_regs_only","p_m_regs_only","recent_p_w_regs_only","recent_p_m_regs_only","sumreach_regs","n_obs_regs","p_w_regs","p_m_regs","recent_p_w_regs","recent_p_m_regs","population_country","p_w_country_only","recent_p_w_country_only","sumreach_country","n_obs_country","p_w_country_rhs","sumreach_country_rhs","recent_p_w_country_rhs","recent_sumreach_country_rhs","p_w_country","recent_p_w_country"
"1","GB","GBENG",56286961,0.0587275693311582,0.0656860883025484,0.000748876684972541,0.00108527131782946,4291,144,0.0587275693311582,0.0656860883025484,0.000748876684972541,0.00108527131782946,66796807,0.0529411764705882,0.00588235294117647,170,4,0.0572183461275362,5170,0.000631048019418933,5170,0.0570821815504423,0.000798224393332562
"2","GB","GBNIR",1893667,0.0109090909090909,0.008,0,0,275,5,0.0109090909090909,0.008,0,0,66796807,0.0529411764705882,0.00588235294117647,170,4,0.0572183461275362,5170,0.000631048019418933,5170,0.0570821815504423,0.000798224393332562
"3","GB","GBSCT",5463300,0.0635838150289017,0.0725536350903998,0,0,519,22,0.0635838150289017,0.0725536350903998,0,0,66796807,0.0529411764705882,0.00588235294117647,170,4,0.0572183461275362,5170,0.000631048019418933,5170,0.0570821815504423,0.000798224393332562
"4","GB","GBWLS",3152879,0.0470588235294118,0.0615384615384615,0,0,85,5,0.0470588235294118,0.0615384615384615,0,0,66796807,0.0529411764705882,0.00588235294117647,170,4,0.0572183461275362,5170,0.000631048019418933,5170,0.0570821815504423,0.000798224393332562
