"","countrycode","regioncode","population_region","p_w_regs_only","p_m_regs_only","recent_p_w_regs_only","recent_p_m_regs_only","sumreach_regs","n_obs_regs","p_w_regs","p_m_regs","recent_p_w_regs","recent_p_m_regs","population_country","p_w_country_only","recent_p_w_country_only","sumreach_country","n_obs_country","p_w_country_rhs","sumreach_country_rhs","recent_p_w_country_rhs","recent_sumreach_country_rhs","p_w_country","recent_p_w_country"
"1","GB","GBENG",56286961,0.0576415668763954,0.0684665152800106,0.000879249706916764,0.00130841121495327,4927,158,0.0576415668763954,0.0684665152800106,0.000879249706916764,0.00130841121495327,66796807,0.0159373311723393,0.01,3702,50,0.066714456811241,5959,0.000740908079071584,5959,0.0472571626268694,0.00428890086359461
"2","GB","GBNIR",1893667,0.0114285714285714,0.0075,0,0,175,4,0.0114285714285714,0.0075,0,0,66796807,0.0159373311723393,0.01,3702,50,0.066714456811241,5959,0.000740908079071584,5959,0.0472571626268694,0.00428890086359461
"3","GB","GBSCT",5463300,0.0402843601895735,0.0684627259994907,0,0,844,22,0.0402843601895735,0.0684627259994907,0,0,66796807,0.0159373311723393,0.01,3702,50,0.066714456811241,5959,0.000740908079071584,5959,0.0472571626268694,0.00428890086359461
"4","GB","GBWLS",3152879,0.307692307692308,0.307692307692308,0,0,13,1,0.307692307692308,0.307692307692308,0,0,66796807,0.0159373311723393,0.01,3702,50,0.066714456811241,5959,0.000740908079071584,5959,0.0472571626268694,0.00428890086359461
