"","countrycode","regioncode","population_region","p_w_regs_only","p_m_regs_only","recent_p_w_regs_only","recent_p_m_regs_only","sumreach_regs","n_obs_regs","p_w_regs","p_m_regs","recent_p_w_regs","recent_p_m_regs","population_country","p_w_country_only","recent_p_w_country_only","sumreach_country","n_obs_country","p_w_country_rhs","sumreach_country_rhs","recent_p_w_country_rhs","recent_sumreach_country_rhs","p_w_country","recent_p_w_country"
"1","GB","GBENG",56286961,0.062124248496994,0.059495732812806,0,0,998,30,0.062124248496994,0.059495732812806,0,0,66796807,0.0255885363357216,0.00588235294117647,1954,30,0.0581420602939236,2435,0,2435,0.0436491038541135,0.00261884658169488
"2","GB","GBNIR",1893667,0.0109090909090909,0.008,0,0,275,5,0.0109090909090909,0.008,0,0,66796807,0.0255885363357216,0.00588235294117647,1954,30,0.0581420602939236,2435,0,2435,0.0436491038541135,0.00261884658169488
"3","GB","GBSCT",5463300,0.0388888888888889,0.0604282212885154,0,0,1080,30,0.0388888888888889,0.0604282212885154,0,0,66796807,0.0255885363357216,0.00588235294117647,1954,30,0.0581420602939236,2435,0,2435,0.0436491038541135,0.00261884658169488
"4","GB","GBWLS",3152879,0.0487804878048781,0.0615384615384615,0,0,82,5,0.0487804878048781,0.0615384615384615,0,0,66796807,0.0255885363357216,0.00588235294117647,1954,30,0.0581420602939236,2435,0,2435,0.0436491038541135,0.00261884658169488
