"","countrycode","regioncode","population_region","p_w_regs_only","p_m_regs_only","recent_p_w_regs_only","recent_p_m_regs_only","sumreach_regs","n_obs_regs","p_w_regs","p_m_regs","recent_p_w_regs","recent_p_m_regs","population_country","p_w_country_only","recent_p_w_country_only","sumreach_country","n_obs_country","p_w_country_rhs","sumreach_country_rhs","recent_p_w_country_rhs","recent_sumreach_country_rhs","p_w_country","recent_p_w_country"
"1","GB","GBENG",56286961,0.0584642233856894,0.0660527925253267,0.000699953336444237,0.00101449275362319,4584,154,0.0584642233856894,0.0660527925253267,0.000699953336444237,0.00101449275362319,66796807,0.0529411764705882,0.00588235294117647,170,4,0.057010213642972,5493,0.000589822297198377,5493,0.0568880634894659,0.000748701020397437
"2","GB","GBNIR",1893667,0.0109090909090909,0.008,0,0,275,5,0.0109090909090909,0.008,0,0,66796807,0.0529411764705882,0.00588235294117647,170,4,0.057010213642972,5493,0.000589822297198377,5493,0.0568880634894659,0.000748701020397437
"3","GB","GBSCT",5463300,0.063752276867031,0.0722976799415418,0,0,549,23,0.063752276867031,0.0722976799415418,0,0,66796807,0.0529411764705882,0.00588235294117647,170,4,0.057010213642972,5493,0.000589822297198377,5493,0.0568880634894659,0.000748701020397437
"4","GB","GBWLS",3152879,0.0470588235294118,0.0615384615384615,0,0,85,5,0.0470588235294118,0.0615384615384615,0,0,66796807,0.0529411764705882,0.00588235294117647,170,4,0.057010213642972,5493,0.000589822297198377,5493,0.0568880634894659,0.000748701020397437
