"","countrycode","regioncode","population_region","p_w_regs_only","p_m_regs_only","recent_p_w_regs_only","recent_p_m_regs_only","sumreach_regs","n_obs_regs","p_w_regs","p_m_regs","recent_p_w_regs","recent_p_m_regs","population_country","p_w_country_only","recent_p_w_country_only","sumreach_country","n_obs_country","p_w_country_rhs","sumreach_country_rhs","recent_p_w_country_rhs","recent_sumreach_country_rhs","p_w_country","recent_p_w_country"
"1","GB","GBENG",56286961,0.0570771882781076,0.0674002590762122,0.00077861406696081,0.00116666666666667,5221,165,0.0570771882781076,0.0674002590762122,0.00077861406696081,0.00116666666666667,66796807,0.0805970149253731,0.00588235294117647,335,9,0.0547212219511524,6393,0.000656106505526147,6393,0.056009627219637,0.000916331320618724
"2","GB","GBNIR",1893667,0.0109090909090909,0.008,0,0,275,5,0.0109090909090909,0.008,0,0,66796807,0.0805970149253731,0.00588235294117647,335,9,0.0547212219511524,6393,0.000656106505526147,6393,0.056009627219637,0.000916331320618724
"3","GB","GBSCT",5463300,0.0476190476190476,0.0749063755937157,0,0,819,23,0.0476190476190476,0.0749063755937157,0,0,66796807,0.0805970149253731,0.00588235294117647,335,9,0.0547212219511524,6393,0.000656106505526147,6393,0.056009627219637,0.000916331320618724
"4","GB","GBWLS",3152879,0.0512820512820513,0.0769230769230769,0,0,78,4,0.0512820512820513,0.0769230769230769,0,0,66796807,0.0805970149253731,0.00588235294117647,335,9,0.0547212219511524,6393,0.000656106505526147,6393,0.056009627219637,0.000916331320618724
