"","countrycode","regioncode","population_region","p_w_regs_only","p_m_regs_only","recent_p_w_regs_only","recent_p_m_regs_only","sumreach_regs","n_obs_regs","p_w_regs","p_m_regs","recent_p_w_regs","recent_p_m_regs","population_country","p_w_country_only","recent_p_w_country_only","sumreach_country","n_obs_country","p_w_country_rhs","sumreach_country_rhs","recent_p_w_country_rhs","recent_sumreach_country_rhs","p_w_country","recent_p_w_country"
"1","GB","GBENG",56286961,0.0819112627986348,0.0925228475228475,0.00366300366300366,0.00833333333333333,293,9,0.0819112627986348,0.0925228475228475,0.00366300366300366,0.00833333333333333,66796807,NA,NA,0,0,0.074664235906752,326,0.00333892263746617,326,0.074664235906752,0.00333892263746617
"2","GB","GBNIR",1893667,NA,NA,NA,NA,0,0,NA,NA,NA,NA,66796807,NA,NA,0,0,0.074664235906752,326,0.00333892263746617,326,0.074664235906752,0.00333892263746617
"3","GB","GBSCT",5463300,0,0,0,0,33,4,0,0,0,0,66796807,NA,NA,0,0,0.074664235906752,326,0.00333892263746617,326,0.074664235906752,0.00333892263746617
"4","GB","GBWLS",3152879,NA,NA,NA,NA,0,0,NA,NA,NA,NA,66796807,NA,NA,0,0,0.074664235906752,326,0.00333892263746617,326,0.074664235906752,0.00333892263746617
