"","countrycode","regioncode","population_region","p_w_regs_only","p_m_regs_only","recent_p_w_regs_only","recent_p_m_regs_only","sumreach_regs","n_obs_regs","p_w_regs","p_m_regs","recent_p_w_regs","recent_p_m_regs","population_country","p_w_country_only","recent_p_w_country_only","sumreach_country","n_obs_country","p_w_country_rhs","sumreach_country_rhs","recent_p_w_country_rhs","recent_sumreach_country_rhs","p_w_country","recent_p_w_country"
"1","GB","GBENG",56286961,0.0573236196319018,0.0676068706464601,0.00077962577962578,0.00116666666666667,5216,165,0.0573236196319018,0.0676068706464601,0.00077962577962578,0.00116666666666667,66796807,0.0750853242320819,0.00588235294117647,293,8,0.0549193918316011,6390,0.000656959034769294,6390,0.0558035184503862,0.00088605381474495
"2","GB","GBNIR",1893667,0.0109090909090909,0.008,0,0,275,5,0.0109090909090909,0.008,0,0,66796807,0.0750853242320819,0.00588235294117647,293,8,0.0549193918316011,6390,0.000656959034769294,6390,0.0558035184503862,0.00088605381474495
"3","GB","GBSCT",5463300,0.0475030450669915,0.0717852766106443,0,0,821,24,0.0475030450669915,0.0717852766106443,0,0,66796807,0.0750853242320819,0.00588235294117647,293,8,0.0549193918316011,6390,0.000656959034769294,6390,0.0558035184503862,0.00088605381474495
"4","GB","GBWLS",3152879,0.0512820512820513,0.0769230769230769,0,0,78,4,0.0512820512820513,0.0769230769230769,0,0,66796807,0.0750853242320819,0.00588235294117647,293,8,0.0549193918316011,6390,0.000656959034769294,6390,0.0558035184503862,0.00088605381474495
