"","countrycode","regioncode","population_region","p_w_regs_only","p_m_regs_only","recent_p_w_regs_only","recent_p_m_regs_only","sumreach_regs","n_obs_regs","p_w_regs","p_m_regs","recent_p_w_regs","recent_p_m_regs","population_country","p_w_country_only","recent_p_w_country_only","sumreach_country","n_obs_country","p_w_country_rhs","sumreach_country_rhs","recent_p_w_country_rhs","recent_sumreach_country_rhs","p_w_country","recent_p_w_country"
"1","GB","GBENG",56286961,0.0581072420422987,0.066563370042533,0.000684462696783025,0.00100719424460432,4681,155,0.0581072420422987,0.066563370042533,0.000684462696783025,0.00100719424460432,66796807,0.0529411764705882,0.00588235294117647,170,4,0.056046014431544,5688,0.000576768963219768,5688,0.055955911588703,0.000730737771047122
"2","GB","GBNIR",1893667,0.0109090909090909,0.008,0,0,275,5,0.0109090909090909,0.008,0,0,66796807,0.0529411764705882,0.00588235294117647,170,4,0.056046014431544,5688,0.000576768963219768,5688,0.055955911588703,0.000730737771047122
"3","GB","GBSCT",5463300,0.0556414219474498,0.0727324625502375,0,0,647,23,0.0556414219474498,0.0727324625502375,0,0,66796807,0.0529411764705882,0.00588235294117647,170,4,0.056046014431544,5688,0.000576768963219768,5688,0.055955911588703,0.000730737771047122
"4","GB","GBWLS",3152879,0.0470588235294118,0.0615384615384615,0,0,85,5,0.0470588235294118,0.0615384615384615,0,0,66796807,0.0529411764705882,0.00588235294117647,170,4,0.056046014431544,5688,0.000576768963219768,5688,0.055955911588703,0.000730737771047122
