"","countrycode","regioncode","population_region","p_w_regs_only","p_m_regs_only","recent_p_w_regs_only","recent_p_m_regs_only","sumreach_regs","n_obs_regs","p_w_regs","p_m_regs","recent_p_w_regs","recent_p_m_regs","population_country","p_w_country_only","recent_p_w_country_only","sumreach_country","n_obs_country","p_w_country_rhs","sumreach_country_rhs","recent_p_w_country_rhs","recent_sumreach_country_rhs","p_w_country","recent_p_w_country"
"1","GB","GBENG",56286961,0.0575256107171001,0.0647776809067132,NA,NA,1269,37,0.0575256107171001,0.0647776809067132,NA,NA,66796807,0.0209514419521814,NA,4057,54,0.0517525111808352,1815,0,0,0.0304718678121962,0
"2","GB","GBNIR",1893667,NA,NA,NA,NA,0,0,NA,NA,NA,NA,66796807,0.0209514419521814,NA,4057,54,0.0517525111808352,1815,0,0,0.0304718678121962,0
"3","GB","GBSCT",5463300,0.022140221402214,0.026,NA,NA,542,10,0.022140221402214,0.026,NA,NA,66796807,0.0209514419521814,NA,4057,54,0.0517525111808352,1815,0,0,0.0304718678121962,0
"4","GB","GBWLS",3152879,0,0,NA,NA,4,1,0,0,NA,NA,66796807,0.0209514419521814,NA,4057,54,0.0517525111808352,1815,0,0,0.0304718678121962,0
