"","countrycode","regioncode","population_region","p_w_regs_only","p_m_regs_only","recent_p_w_regs_only","recent_p_m_regs_only","sumreach_regs","n_obs_regs","p_w_regs","p_m_regs","recent_p_w_regs","recent_p_m_regs","population_country","p_w_country_only","recent_p_w_country_only","sumreach_country","n_obs_country","p_w_country_rhs","sumreach_country_rhs","recent_p_w_country_rhs","recent_sumreach_country_rhs","p_w_country","recent_p_w_country"
"1","GB","GBENG",56286961,0.0576320735017749,0.0665492448885459,0.000668002672010688,0.00099290780141844,4789,157,0.0576320735017749,0.0665492448885459,0.000668002672010688,0.00099290780141844,66796807,0.0529411764705882,0.00588235294117647,170,4,0.0556246050009462,5799,0.000562898767711477,5799,0.0555481796616665,0.000714399389170524
"2","GB","GBNIR",1893667,0.0109090909090909,0.008,0,0,275,5,0.0109090909090909,0.008,0,0,66796807,0.0529411764705882,0.00588235294117647,170,4,0.0556246050009462,5799,0.000562898767711477,5799,0.0555481796616665,0.000714399389170524
"3","GB","GBSCT",5463300,0.0553846153846154,0.0727324625502375,0,0,650,23,0.0553846153846154,0.0727324625502375,0,0,66796807,0.0529411764705882,0.00588235294117647,170,4,0.0556246050009462,5799,0.000562898767711477,5799,0.0555481796616665,0.000714399389170524
"4","GB","GBWLS",3152879,0.0470588235294118,0.0615384615384615,0,0,85,5,0.0470588235294118,0.0615384615384615,0,0,66796807,0.0529411764705882,0.00588235294117647,170,4,0.0556246050009462,5799,0.000562898767711477,5799,0.0555481796616665,0.000714399389170524
