"","countrycode","regioncode","population_region","p_w_regs_only","p_m_regs_only","recent_p_w_regs_only","recent_p_m_regs_only","sumreach_regs","n_obs_regs","p_w_regs","p_m_regs","recent_p_w_regs","recent_p_m_regs","population_country","p_w_country_only","recent_p_w_country_only","sumreach_country","n_obs_country","p_w_country_rhs","sumreach_country_rhs","recent_p_w_country_rhs","recent_sumreach_country_rhs","p_w_country","recent_p_w_country"
"1","GB","GBENG",56286961,0.0572977158343012,0.0677032893792425,0.0008058017727639,0.0011965811965812,5166,165,0.0572977158343012,0.0677032893792425,0.0008058017727639,0.0011965811965812,66796807,0.0872817955112219,0.01,401,12,0.05521243130777,6324,0.000679016482888059,6324,0.0571246714632472,0.00123481044428016
"2","GB","GBNIR",1893667,0.0109090909090909,0.008,0,0,275,5,0.0109090909090909,0.008,0,0,66796807,0.0872817955112219,0.01,401,12,0.05521243130777,6324,0.000679016482888059,6324,0.0571246714632472,0.00123481044428016
"3","GB","GBSCT",5463300,0.0479704797047971,0.0749063755937157,0,0,813,23,0.0479704797047971,0.0749063755937157,0,0,66796807,0.0872817955112219,0.01,401,12,0.05521243130777,6324,0.000679016482888059,6324,0.0571246714632472,0.00123481044428016
"4","GB","GBWLS",3152879,0.0571428571428571,0.102564102564103,0,0,70,3,0.0571428571428571,0.102564102564103,0,0,66796807,0.0872817955112219,0.01,401,12,0.05521243130777,6324,0.000679016482888059,6324,0.0571246714632472,0.00123481044428016
