"","countrycode","regioncode","population_region","p_w_regs_only","p_m_regs_only","recent_p_w_regs_only","recent_p_m_regs_only","sumreach_regs","n_obs_regs","p_w_regs","p_m_regs","recent_p_w_regs","recent_p_m_regs","population_country","p_w_country_only","recent_p_w_country_only","sumreach_country","n_obs_country","p_w_country_rhs","sumreach_country_rhs","recent_p_w_country_rhs","recent_sumreach_country_rhs","p_w_country","recent_p_w_country"
"1","GB","GBENG",56286961,0.0539635280982508,0.0635887377220574,0,0,2687,79,0.0539635280982508,0.0635887377220574,0,0,66796807,0.017590618336887,0.02,3752,50,0.0583639923951285,3289,0,3289,0.0366367236170398,0.0106575770487147
"2","GB","GBNIR",1893667,0.0133333333333333,0.00666666666666667,0,0,75,3,0.0133333333333333,0.00666666666666667,0,0,66796807,0.017590618336887,0.02,3752,50,0.0583639923951285,3289,0,3289,0.0366367236170398,0.0106575770487147
"3","GB","GBSCT",5463300,0.031496062992126,0.069004329004329,0,0,508,11,0.031496062992126,0.069004329004329,0,0,66796807,0.017590618336887,0.02,3752,50,0.0583639923951285,3289,0,3289,0.0366367236170398,0.0106575770487147
"4","GB","GBWLS",3152879,0.210526315789474,0.153846153846154,0,0,19,2,0.210526315789474,0.153846153846154,0,0,66796807,0.017590618336887,0.02,3752,50,0.0583639923951285,3289,0,3289,0.0366367236170398,0.0106575770487147
