"","countrycode","regioncode","population_region","p_w_regs_only","p_m_regs_only","recent_p_w_regs_only","recent_p_m_regs_only","sumreach_regs","n_obs_regs","p_w_regs","p_m_regs","recent_p_w_regs","recent_p_m_regs","population_country","p_w_country_only","recent_p_w_country_only","sumreach_country","n_obs_country","p_w_country_rhs","sumreach_country_rhs","recent_p_w_country_rhs","recent_sumreach_country_rhs","p_w_country","recent_p_w_country"
"1","GB","GBENG",56286961,0.0577994428969359,0.066799065293815,0.0006765899864682,0.00102189781021898,5744,182,0.0577994428969359,0.066799065293815,0.0006765899864682,0.00102189781021898,66796807,0.0546448087431694,0.00588235294117647,183,5,0.0553122530945284,6983,0.000570134949434426,6983,0.0552952083950728,0.000705794437641068
"2","GB","GBNIR",1893667,0.0109090909090909,0.008,0,0,275,5,0.0109090909090909,0.008,0,0,66796807,0.0546448087431694,0.00588235294117647,183,5,0.0553122530945284,6983,0.000570134949434426,6983,0.0552952083950728,0.000705794437641068
"3","GB","GBSCT",5463300,0.0474040632054176,0.0697248707175178,0,0,886,26,0.0474040632054176,0.0697248707175178,0,0,66796807,0.0546448087431694,0.00588235294117647,183,5,0.0553122530945284,6983,0.000570134949434426,6983,0.0552952083950728,0.000705794437641068
"4","GB","GBWLS",3152879,0.0512820512820513,0.0769230769230769,0,0,78,4,0.0512820512820513,0.0769230769230769,0,0,66796807,0.0546448087431694,0.00588235294117647,183,5,0.0553122530945284,6983,0.000570134949434426,6983,0.0552952083950728,0.000705794437641068
