"","countrycode","regioncode","population_region","p_w_regs_only","p_m_regs_only","recent_p_w_regs_only","recent_p_m_regs_only","sumreach_regs","n_obs_regs","p_w_regs","p_m_regs","recent_p_w_regs","recent_p_m_regs","population_country","p_w_country_only","recent_p_w_country_only","sumreach_country","n_obs_country","p_w_country_rhs","sumreach_country_rhs","recent_p_w_country_rhs","recent_sumreach_country_rhs","p_w_country","recent_p_w_country"
"1","GB","GBENG",56286961,0.0739348370927318,0.065029526029526,0,0,798,30,0.0739348370927318,0.065029526029526,0,0,66796807,0.0255885363357216,0.00588235294117647,1954,30,0.0681472388948612,2168,0,2168,0.0479726380213632,0.00278848074892257
"2","GB","GBNIR",1893667,0.0109090909090909,0.008,0,0,275,5,0.0109090909090909,0.008,0,0,66796807,0.0255885363357216,0.00588235294117647,1954,30,0.0681472388948612,2168,0,2168,0.0479726380213632,0.00278848074892257
"3","GB","GBSCT",5463300,0.0417495029821074,0.0604282212885154,0,0,1006,30,0.0417495029821074,0.0604282212885154,0,0,66796807,0.0255885363357216,0.00588235294117647,1954,30,0.0681472388948612,2168,0,2168,0.0479726380213632,0.00278848074892257
"4","GB","GBWLS",3152879,0.0449438202247191,0.0512820512820513,0,0,89,6,0.0449438202247191,0.0512820512820513,0,0,66796807,0.0255885363357216,0.00588235294117647,1954,30,0.0681472388948612,2168,0,2168,0.0479726380213632,0.00278848074892257
