"","countrycode","regioncode","population_region","p_w_regs_only","p_m_regs_only","recent_p_w_regs_only","recent_p_m_regs_only","sumreach_regs","n_obs_regs","p_w_regs","p_m_regs","recent_p_w_regs","recent_p_m_regs","population_country","p_w_country_only","recent_p_w_country_only","sumreach_country","n_obs_country","p_w_country_rhs","sumreach_country_rhs","recent_p_w_country_rhs","recent_sumreach_country_rhs","p_w_country","recent_p_w_country"
"1","GB","GBENG",56286961,0.118421052631579,0.0840909090909091,0.0131578947368421,0.00606060606060606,76,3,0.118421052631579,0.0840909090909091,0.0131578947368421,0.00606060606060606,66796807,NA,NA,0,0,0.118421052631579,76,0.0131578947368421,76,0.118421052631579,0.0131578947368421
"2","GB","GBNIR",1893667,NA,NA,NA,NA,0,0,NA,NA,NA,NA,66796807,NA,NA,0,0,0.118421052631579,76,0.0131578947368421,76,0.118421052631579,0.0131578947368421
"3","GB","GBSCT",5463300,NA,NA,NA,NA,0,0,NA,NA,NA,NA,66796807,NA,NA,0,0,0.118421052631579,76,0.0131578947368421,76,0.118421052631579,0.0131578947368421
"4","GB","GBWLS",3152879,NA,NA,NA,NA,0,0,NA,NA,NA,NA,66796807,NA,NA,0,0,0.118421052631579,76,0.0131578947368421,76,0.118421052631579,0.0131578947368421
