"","countrycode","regioncode","population_region","p_w_regs_only","p_m_regs_only","recent_p_w_regs_only","recent_p_m_regs_only","sumreach_regs","n_obs_regs","p_w_regs","p_m_regs","recent_p_w_regs","recent_p_m_regs","population_country","p_w_country_only","recent_p_w_country_only","sumreach_country","n_obs_country","p_w_country_rhs","sumreach_country_rhs","recent_p_w_country_rhs","recent_sumreach_country_rhs","p_w_country","recent_p_w_country"
"1","GB","GBENG",56286961,0.0573532261189692,0.0681161143144817,0.000795123244102836,0.0011864406779661,5161,164,0.0573532261189692,0.0681161143144817,0.000795123244102836,0.0011864406779661,66796807,0.0844327176781003,0.00588235294117647,379,10,0.0552592075740099,6319,0.000670018119743505,6319,0.0569099630725841,0.000964953159654388
"2","GB","GBNIR",1893667,0.0109090909090909,0.008,0,0,275,5,0.0109090909090909,0.008,0,0,66796807,0.0844327176781003,0.00588235294117647,379,10,0.0552592075740099,6319,0.000670018119743505,6319,0.0569099630725841,0.000964953159654388
"3","GB","GBSCT",5463300,0.0479704797047971,0.0749063755937157,0,0,813,23,0.0479704797047971,0.0749063755937157,0,0,66796807,0.0844327176781003,0.00588235294117647,379,10,0.0552592075740099,6319,0.000670018119743505,6319,0.0569099630725841,0.000964953159654388
"4","GB","GBWLS",3152879,0.0571428571428571,0.102564102564103,0,0,70,3,0.0571428571428571,0.102564102564103,0,0,66796807,0.0844327176781003,0.00588235294117647,379,10,0.0552592075740099,6319,0.000670018119743505,6319,0.0569099630725841,0.000964953159654388
