"","countrycode","regioncode","population_region","p_w_regs_only","p_m_regs_only","recent_p_w_regs_only","recent_p_m_regs_only","sumreach_regs","n_obs_regs","p_w_regs","p_m_regs","recent_p_w_regs","recent_p_m_regs","population_country","p_w_country_only","recent_p_w_country_only","sumreach_country","n_obs_country","p_w_country_rhs","sumreach_country_rhs","recent_p_w_country_rhs","recent_sumreach_country_rhs","p_w_country","recent_p_w_country"
"1","GB","GBENG",56286961,0.0625,0.0581623994794727,0,0,928,30,0.0625,0.0581623994794727,0,0,66796807,0.0255885363357216,0.00588235294117647,1954,30,0.0582775961370055,2372,0,2372,0.0435123573825652,0.00265698512414675
"2","GB","GBNIR",1893667,0.0109090909090909,0.008,0,0,275,5,0.0109090909090909,0.008,0,0,66796807,0.0255885363357216,0.00588235294117647,1954,30,0.0582775961370055,2372,0,2372,0.0435123573825652,0.00265698512414675
"3","GB","GBSCT",5463300,0.0388888888888889,0.0604282212885154,0,0,1080,30,0.0388888888888889,0.0604282212885154,0,0,66796807,0.0255885363357216,0.00588235294117647,1954,30,0.0582775961370055,2372,0,2372,0.0435123573825652,0.00265698512414675
"4","GB","GBWLS",3152879,0.0449438202247191,0.0512820512820513,0,0,89,6,0.0449438202247191,0.0512820512820513,0,0,66796807,0.0255885363357216,0.00588235294117647,1954,30,0.0582775961370055,2372,0,2372,0.0435123573825652,0.00265698512414675
