"","countrycode","regioncode","population_region","p_w_regs_only","p_m_regs_only","recent_p_w_regs_only","recent_p_m_regs_only","sumreach_regs","n_obs_regs","p_w_regs","p_m_regs","recent_p_w_regs","recent_p_m_regs","population_country","p_w_country_only","recent_p_w_country_only","sumreach_country","n_obs_country","p_w_country_rhs","sumreach_country_rhs","recent_p_w_country_rhs","recent_sumreach_country_rhs","p_w_country","recent_p_w_country"
"1","GB","GBENG",56286961,0.0594142259414226,0.0510500927455121,0,0,1195,41,0.0594142259414226,0.0510500927455121,0,0,66796807,0.0428571428571429,0,70,1,0.0541035471621413,1315,0,1315,0.0535351368362569,0
"2","GB","GBNIR",1893667,NA,NA,NA,NA,0,0,NA,NA,NA,NA,66796807,0.0428571428571429,0,70,1,0.0541035471621413,1315,0,1315,0.0535351368362569,0
"3","GB","GBSCT",5463300,0.0306122448979592,0.0128571428571429,0,0,98,7,0.0306122448979592,0.0128571428571429,0,0,66796807,0.0428571428571429,0,70,1,0.0541035471621413,1315,0,1315,0.0535351368362569,0
"4","GB","GBWLS",3152879,0,0,0,0,22,3,0,0,0,0,66796807,0.0428571428571429,0,70,1,0.0541035471621413,1315,0,1315,0.0535351368362569,0
