"","countrycode","regioncode","population_region","p_w_regs_only","p_m_regs_only","recent_p_w_regs_only","recent_p_m_regs_only","sumreach_regs","n_obs_regs","p_w_regs","p_m_regs","recent_p_w_regs","recent_p_m_regs","population_country","p_w_country_only","recent_p_w_country_only","sumreach_country","n_obs_country","p_w_country_rhs","sumreach_country_rhs","recent_p_w_country_rhs","recent_sumreach_country_rhs","p_w_country","recent_p_w_country"
"1","GB","GBENG",56286961,0.0727272727272727,0.0693921356421356,0.00350877192982456,0.00666666666666667,330,12,0.0727272727272727,0.0693921356421356,0.00350877192982456,0.00666666666666667,66796807,NA,NA,0,0,0.0662927912747829,365,0.0031983364211518,365,0.0662927912747829,0.0031983364211518
"2","GB","GBNIR",1893667,NA,NA,NA,NA,0,0,NA,NA,NA,NA,66796807,NA,NA,0,0,0.0662927912747829,365,0.0031983364211518,365,0.0662927912747829,0.0031983364211518
"3","GB","GBSCT",5463300,0,0,0,0,35,5,0,0,0,0,66796807,NA,NA,0,0,0.0662927912747829,365,0.0031983364211518,365,0.0662927912747829,0.0031983364211518
"4","GB","GBWLS",3152879,NA,NA,NA,NA,0,0,NA,NA,NA,NA,66796807,NA,NA,0,0,0.0662927912747829,365,0.0031983364211518,365,0.0662927912747829,0.0031983364211518
