"","countrycode","regioncode","population_region","p_w_regs_only","p_m_regs_only","recent_p_w_regs_only","recent_p_m_regs_only","sumreach_regs","n_obs_regs","p_w_regs","p_m_regs","recent_p_w_regs","recent_p_m_regs","population_country","p_w_country_only","recent_p_w_country_only","sumreach_country","n_obs_country","p_w_country_rhs","sumreach_country_rhs","recent_p_w_country_rhs","recent_sumreach_country_rhs","p_w_country","recent_p_w_country"
"1","GB","GBENG",56286961,0.0574201374848362,0.0676106838390104,0.000874380647041679,0.00128440366972477,4946,160,0.0574201374848362,0.0676106838390104,0.000874380647041679,0.00128440366972477,66796807,0.0316925151719488,0.01,1483,24,0.0671516936862688,5948,0.000736805119729596,5948,0.0600751277144297,0.00258545510054523
"2","GB","GBNIR",1893667,0.0114285714285714,0.0075,0,0,175,4,0.0114285714285714,0.0075,0,0,66796807,0.0316925151719488,0.01,1483,24,0.0671516936862688,5948,0.000736805119729596,5948,0.0600751277144297,0.00258545510054523
"3","GB","GBSCT",5463300,0.0479115479115479,0.0783112108479756,0,0,814,22,0.0479115479115479,0.0783112108479756,0,0,66796807,0.0316925151719488,0.01,1483,24,0.0671516936862688,5948,0.000736805119729596,5948,0.0600751277144297,0.00258545510054523
"4","GB","GBWLS",3152879,0.307692307692308,0.307692307692308,0,0,13,1,0.307692307692308,0.307692307692308,0,0,66796807,0.0316925151719488,0.01,1483,24,0.0671516936862688,5948,0.000736805119729596,5948,0.0600751277144297,0.00258545510054523
