"","countrycode","regioncode","population_region","p_w_regs_only","p_m_regs_only","recent_p_w_regs_only","recent_p_m_regs_only","sumreach_regs","n_obs_regs","p_w_regs","p_m_regs","recent_p_w_regs","recent_p_m_regs","population_country","p_w_country_only","recent_p_w_country_only","sumreach_country","n_obs_country","p_w_country_rhs","sumreach_country_rhs","recent_p_w_country_rhs","recent_sumreach_country_rhs","p_w_country","recent_p_w_country"
"1","GB","GBENG",56286961,0.0538876058506544,0.0607236268526591,NA,NA,1299,37,0.0538876058506544,0.0607236268526591,NA,NA,66796807,0.0230191422340683,NA,4127,58,0.0485375635629473,1863,0,0,0.0309558398861053,0
"2","GB","GBNIR",1893667,NA,NA,NA,NA,0,0,NA,NA,NA,NA,66796807,0.0230191422340683,NA,4127,58,0.0485375635629473,1863,0,0,0.0309558398861053,0
"3","GB","GBSCT",5463300,0.0214285714285714,0.0216666666666667,NA,NA,560,12,0.0214285714285714,0.0216666666666667,NA,NA,66796807,0.0230191422340683,NA,4127,58,0.0485375635629473,1863,0,0,0.0309558398861053,0
"4","GB","GBWLS",3152879,0,0,NA,NA,4,1,0,0,NA,NA,66796807,0.0230191422340683,NA,4127,58,0.0485375635629473,1863,0,0,0.0309558398861053,0
