"","countrycode","regioncode","population_region","p_w_regs_only","p_m_regs_only","recent_p_w_regs_only","recent_p_m_regs_only","sumreach_regs","n_obs_regs","p_w_regs","p_m_regs","recent_p_w_regs","recent_p_m_regs","population_country","p_w_country_only","recent_p_w_country_only","sumreach_country","n_obs_country","p_w_country_rhs","sumreach_country_rhs","recent_p_w_country_rhs","recent_sumreach_country_rhs","p_w_country","recent_p_w_country"
"1","GB","GBENG",56286961,0.0573457127252867,0.0663186469531867,0.00071718862060722,0.00107692307692308,5493,175,0.0573457127252867,0.0663186469531867,0.00071718862060722,0.00107692307692308,66796807,0.0546448087431694,0.00588235294117647,183,5,0.0549474966155375,6707,0.000604345772362478,6707,0.054939457155357,0.00074453086842822
"2","GB","GBNIR",1893667,0.0109090909090909,0.008,0,0,275,5,0.0109090909090909,0.008,0,0,66796807,0.0546448087431694,0.00588235294117647,183,5,0.0549474966155375,6707,0.000604345772362478,6707,0.054939457155357,0.00074453086842822
"3","GB","GBSCT",5463300,0.0476190476190476,0.0709138655462185,0,0,861,25,0.0476190476190476,0.0709138655462185,0,0,66796807,0.0546448087431694,0.00588235294117647,183,5,0.0549474966155375,6707,0.000604345772362478,6707,0.054939457155357,0.00074453086842822
"4","GB","GBWLS",3152879,0.0512820512820513,0.0769230769230769,0,0,78,4,0.0512820512820513,0.0769230769230769,0,0,66796807,0.0546448087431694,0.00588235294117647,183,5,0.0549474966155375,6707,0.000604345772362478,6707,0.054939457155357,0.00074453086842822
