"","countrycode","regioncode","population_region","p_w_regs_only","p_m_regs_only","recent_p_w_regs_only","recent_p_m_regs_only","sumreach_regs","n_obs_regs","p_w_regs","p_m_regs","recent_p_w_regs","recent_p_m_regs","population_country","p_w_country_only","recent_p_w_country_only","sumreach_country","n_obs_country","p_w_country_rhs","sumreach_country_rhs","recent_p_w_country_rhs","recent_sumreach_country_rhs","p_w_country","recent_p_w_country"
"1","GB","GBENG",56286961,0.0595514307811292,0.0674926614584034,0.000833333333333333,0.0011965811965812,3879,131,0.0595514307811292,0.0674926614584034,0.000833333333333333,0.0011965811965812,66796807,0.05,0,120,2,0.0557511875338024,4708,0.000702216212720068,4708,0.0556082416961768,0.000684762620026114
"2","GB","GBNIR",1893667,0.0109090909090909,0.008,0,0,275,5,0.0109090909090909,0.008,0,0,66796807,0.05,0,120,2,0.0557511875338024,4708,0.000702216212720068,4708,0.0556082416961768,0.000684762620026114
"3","GB","GBSCT",5463300,0.0643153526970954,0.0655232843137255,0,0,482,20,0.0643153526970954,0.0655232843137255,0,0,66796807,0.05,0,120,2,0.0557511875338024,4708,0.000702216212720068,4708,0.0556082416961768,0.000684762620026114
"4","GB","GBWLS",3152879,0,0,0,0,72,4,0,0,0,0,66796807,0.05,0,120,2,0.0557511875338024,4708,0.000702216212720068,4708,0.0556082416961768,0.000684762620026114
